0141000970;OJEDA CASARES,MANUEL;20209;Andaluc�a;Sevilla;Sevilla;Oficinas de farmacia;Privados
0141005508;PEREZ-TINAO GOMEZ DE SALAZAR,PILAR;19926;Andaluc�a;Sevilla;Sevilla;Oficinas de farmacia;Privados
0141005507;MORON LEDRO,RAMONA;19924;Andaluc�a;Sevilla;Sevilla;Oficinas de farmacia;Privados
0141001082;PEREZ RUBIO,ANA GRACIA / PEREZ RUBIO, GLORIA;20427;Andaluc�a;Sevilla;Sevilla;Oficinas de farmacia;Privados
0141000852;NETO GOMEZ, JOSE ANTONIO/ NETO GOMEZ, MARTA;19950;Andaluc�a;Sevilla;Sevilla;Oficinas de farmacia;Privados
0141001015;MURILLO FERNANDEZ,BEATRIZ/ MURILLO FERNANDEZ,M� DOLORES;20304;Andaluc�a;Sevilla;Sevilla;Oficinas de farmacia;Privados
0141001137;PE�A RUEDA, MARIA JOSE/ GUISADO PE�A, MARIA;20566;Andaluc�a;Sevilla;Sevilla;Oficinas de farmacia;Privados
0141001072;MURILLO PEINADO, PILAR;20405;Andaluc�a;Sevilla;Sevilla;Oficinas de farmacia;Privados
0141000832;NAVARRO MARISCAL, INMACULADA/ NAVARRO MARISCAL, MARIA JESUS;19909;Andaluc�a;Sevilla;Sevilla;Oficinas de farmacia;Privados
0141005720;PE�A GRI�AN,CARMEN / SERNA PE�A, NICOLAS;20414;Andaluc�a;Sevilla;Sevilla;Oficinas de farmacia;Privados
0141000869;PALOMAR SANTAMARIA,ARACELI;19978;Andaluc�a;Sevilla;Sevilla;Oficinas de farmacia;Privados
0141004396;PEREZ LOPEZ, ESPERANZA ISABEL;19930;Andaluc�a;Sevilla;Sevilla;Oficinas de farmacia;Privados
0141001050;PEREZ GONZALEZ,MARGARITA;20365;Andaluc�a;Sevilla;Sevilla;Oficinas de farmacia;Privados
0141000849;PE�A MU�OZ,FERNANDO/ PE�A MU�OZ, M� TERESA;19941;Andaluc�a;Sevilla;Sevilla;Oficinas de farmacia;Privados
0141004420;ORDO�EZ MOREJON, MARIA VICTORIA;20430;Andaluc�a;Sevilla;Sevilla;Oficinas de farmacia;Privados
0141001019;PEREZ RUIZ, MACARENA;20313;Andaluc�a;Sevilla;Sevilla;Oficinas de farmacia;Privados
0141000804;MURILLO DELGADO, FRANCISCO ANTONIO;19856;Andaluc�a;Sevilla;Sevilla;Oficinas de farmacia;Privados
0141005702;PALMA DEL MORAL,ALEJANDRO;20369;Andaluc�a;Sevilla;Sevilla;Oficinas de farmacia;Privados
0141005486;OJEDA GARCIA,FRANCISCO ENRIQUE;19870;Andaluc�a;Sevilla;Sevilla;Oficinas de farmacia;Privados
0141005491;OLIAS VALDES,MILAGROS;19882;Andaluc�a;Sevilla;Sevilla;Oficinas de farmacia;Privados
0141001046;POLO PI�EIRO,MARIA / RAMOS SANCHEZ, JOSE ANTONIO;20360;Andaluc�a;Sevilla;Sevilla;Oficinas de farmacia;Privados
0141005694;PE�A PE�A,MANUEL;20337;Andaluc�a;Sevilla;Sevilla;Oficinas de farmacia;Privados
0141005735;PE�A PE�A,PASTORA;20455;Andaluc�a;Sevilla;Sevilla;Oficinas de farmacia;Privados
0141005495;PEREZ FERNANDEZ,MANUEL;19894;Andaluc�a;Sevilla;Sevilla;Oficinas de farmacia;Privados
0141005664;PEREZ FERNANDEZ,MA� DEL PRADO/PEREZ FERNANDEZ,MA� AUXILIADORA;20267;Andaluc�a;Sevilla;Sevilla;Oficinas de farmacia;Privados
0141001116;MOYA FLORES, MARTA;20519;Andaluc�a;Sevilla;Sevilla;Oficinas de farmacia;Privados
