0129005285;ABAURRE LABRADOR, Mª ESTELA;4282;Andalucía;Málaga;Málaga;Oficinas de farmacia;Privados
0129006406;ABOLAFIO MORENO, MARIA TERESA;4255;Andalucía;Málaga;Málaga;Oficinas de farmacia;Privados
0129003985;ACOSTA MARQUEZ,  Mª  DEL MAR;4563;Andalucía;Málaga;Málaga;Oficinas de farmacia;Privados
0129003958;AGUADO NORIEGA,FEDERICO;4490;Andalucía;Málaga;Málaga;Oficinas de farmacia;Privados
0129006242;AGUILAR HURTADO, FELISA /HURTADO AGUILAR, INMACULADA;4567;Andalucía;Málaga;Málaga;Oficinas de farmacia;Privados
0129003959;AGUILERA OLIVER, MARTA;4493;Andalucía;Málaga;Málaga;Oficinas de farmacia;Privados
0129005301;ALAMEDA FERNANDEZ, SAGRARIO;4389;Andalucía;Málaga;Málaga;Oficinas de farmacia;Privados
0129003855;ALBA PALOMO, ENCARNACION;4230;Andalucía;Málaga;Málaga;Oficinas de farmacia;Privados
0129003901;ALBA PALOMO, JOSE ENRIQUE;4351;Andalucía;Málaga;Málaga;Oficinas de farmacia;Privados
0129005296;ALBA PALOMO, ROSARIO;4375;Andalucía;Málaga;Málaga;Oficinas de farmacia;Privados
0129005291;ALCANTARA ZURITA, CONCEPCION;4314;Andalucía;Málaga;Málaga;Oficinas de farmacia;Privados
0129003913;ALFARO ALMAGRO, Mª JESUS;4381;Andalucía;Málaga;Málaga;Oficinas de farmacia;Privados
0129003863;ALFONSO ROSAS, ISABEL/ALFONSO ROSAS, PILAR;4258;Andalucía;Málaga;Málaga;Oficinas de farmacia;Privados
0129004003;ALGARIN ARCOS, IGNACIO JUAN;4605;Andalucía;Málaga;Málaga;Oficinas de farmacia;Privados
0129005330;ALONSO NUÑEZ, MACARENA Y ALONSO NUÑEZ, AMANDO;4577;Andalucía;Málaga;Málaga;Oficinas de farmacia;Privados
0129005277;ALPAÑES RAMOS, M. CARMEN;4243;Andalucía;Málaga;Málaga;Oficinas de farmacia;Privados
0129003930;ALVAREZ DE AUBAREDE, CAROLINA/FERNANDEZ ALVAREZ, CAROLINA;4416;Andalucía;Málaga;Málaga;Oficinas de farmacia;Privados
0129001702;ARANDA CASAS, Mª ALEJANDRA;23197;Andalucía;Málaga;Málaga;Oficinas de farmacia;Privados
0129003921;ARBOLEDAS RAMOS, VIRGILIO;4398;Andalucía;Málaga;Málaga;Oficinas de farmacia;Privados
0129005314;ARREBOLA VARGAS, CRISTOBAL;4491;Andalucía;Málaga;Málaga;Oficinas de farmacia;Privados
0129005334;ARTACHO CAÑADAS, RAFAEL A.;4693;Andalucía;Málaga;Málaga;Oficinas de farmacia;Privados
0129005292;ARTACHO REINOSO, MARIA PRESENTACION Y Mª ELENA;4320;Andalucía;Málaga;Málaga;Oficinas de farmacia;Privados
0129003979;ASENSI MENDOZA, ELISA;4543;Andalucía;Málaga;Málaga;Oficinas de farmacia;Privados
0129005259;AVILA MARINETTO, JOSE ANTONIO;4182;Andalucía;Málaga;Málaga;Oficinas de farmacia;Privados
0129005325;AVILA SAEZ, MARIA TERESA;4551;Andalucía;Málaga;Málaga;Oficinas de farmacia;Privados
0129005295;AYUSO PEREZ, M. ISABEL;4341;Andalucía;Málaga;Málaga;Oficinas de farmacia;Privados
0129005304;BALLESTEROS MORALES, MAª CARMEN  PORRAS BALLESTEROS, MAª  EMILIA;4409;Andalucía;Málaga;Málaga;Oficinas de farmacia;Privados
0129005299;BARCELO BARRANCO, PEDRO FERNANDO;4379;Andalucía;Málaga;Málaga;Oficinas de farmacia;Privados
0129005308;BARCELO RUBIO, Mª DEL MAR;4438;Andalucía;Málaga;Málaga;Oficinas de farmacia;Privados
0129005297;BARRIONUEVO MORENTE, ALBERTO /  BARRIONUEVO TORRES, ALBERTO;4377;Andalucía;Málaga;Málaga;Oficinas de farmacia;Privados
0129005310;BARRIONUEVO OSTOS, ESTRELLA;4445;Andalucía;Málaga;Málaga;Oficinas de farmacia;Privados
0129003931;BARRIONUEVO TORRES, LUIS FERNANDO;4418;Andalucía;Málaga;Málaga;Oficinas de farmacia;Privados
0129003957;BATTIKHI VILAR, IGOR;4488;Andalucía;Málaga;Málaga;Oficinas de farmacia;Privados
0129003829;BAUTISTA DIEZ DE LA LASTRA, CONCEPCION;4161;Andalucía;Málaga;Málaga;Oficinas de farmacia;Privados
0129005311;BAUTISTA MUÑOZ, GABRIEL;4454;Andalucía;Málaga;Málaga;Oficinas de farmacia;Privados
0129006425;BELLAS JIMENEZ-LA IGLESIA, MAª TERESA;4312;Andalucía;Málaga;Málaga;Oficinas de farmacia;Privados
0129005868;BORREGO TOLEDANO, BIENVENIDA. ZAMORA CASQUET, CANDIDO;4293;Andalucía;Málaga;Málaga;Oficinas de farmacia;Privados
0129003977;BUSTAMANTE MORALES, ANA BELEN;4538;Andalucía;Málaga;Málaga;Oficinas de farmacia;Privados
0129005989;CABAS GARCIA, GINES;4346;Andalucía;Málaga;Málaga;Oficinas de farmacia;Privados
0129005715;CABEZA DEL POZO, ANGELA;4225;Andalucía;Málaga;Málaga;Oficinas de farmacia;Privados
0129005288;CABOT  LLEDO, MANUEL;4304;Andalucía;Málaga;Málaga;Oficinas de farmacia;Privados
0129003934;CAMACHO GASCO, ISABEL Y BARTOLOME ENRIQUE;4424;Andalucía;Málaga;Málaga;Oficinas de farmacia;Privados
0129006253;CAMACHO GONZALEZ, INOCENCIA;4631;Andalucía;Málaga;Málaga;Oficinas de farmacia;Privados
0129003923;CANALES MORENTE, ROSARIO Y GARCIA CANALES, SANDRA Mª;4402;Andalucía;Málaga;Málaga;Oficinas de farmacia;Privados
0129006133;CANCA VAZQUEZ, M. VICTORIA;4442;Andalucía;Málaga;Málaga;Oficinas de farmacia;Privados
0129006258;CANO SANCHEZ, FRANCISCO;4700;Andalucía;Málaga;Málaga;Oficinas de farmacia;Privados
0129006072;CARRASCO GARCIA, ANA MARINA Y ORELLANA CARRASCO, Mª DEL MAR;4386;Andalucía;Málaga;Málaga;Oficinas de farmacia;Privados
0129006121;CARRION ALVAREZ, ENCARNACION;4428;Andalucía;Málaga;Málaga;Oficinas de farmacia;Privados
0129005305;CASTILLA LUCENA, JOSEFA BEGOÑA;4414;Andalucía;Málaga;Málaga;Oficinas de farmacia;Privados
0129003830;CASTILLO RUIZ, FEDERICO/CASTILLO ALVAREZ, CARMEN Y Mª EULALIA;4170;Andalucía;Málaga;Málaga;Oficinas de farmacia;Privados
0129006200;CASTILLON FERNANDEZ, JUAN B.;4492;Andalucía;Málaga;Málaga;Oficinas de farmacia;Privados
0129003986;CASTRO CASTILLO, FRANCISCA M.;4566;Andalucía;Málaga;Málaga;Oficinas de farmacia;Privados
0129004017;CASTRO JAEN, Mª EUGENIA / CASTRO JAEN, GUILLERMO;4634;Andalucía;Málaga;Málaga;Oficinas de farmacia;Privados
0129005312;CHACON AGUILAR, ISABEL;4477;Andalucía;Málaga;Málaga;Oficinas de farmacia;Privados
0129003865;CHICANO SANCHEZ, Mª ROSA;4261;Andalucía;Málaga;Málaga;Oficinas de farmacia;Privados
0129003882;CIMAS GARCIA, M. DESAMPARADOS/ ROBLES CIMAS, JUAN ANTONIO;4296;Andalucía;Málaga;Málaga;Oficinas de farmacia;Privados
0129005928;CLAVIJO BENITEZ DE C., M. CONSUELO;4329;Andalucía;Málaga;Málaga;Oficinas de farmacia;Privados
0129003943;CONEJO MUÑOZ, Mª FRANCISCA;4455;Andalucía;Málaga;Málaga;Oficinas de farmacia;Privados
0129003856;CONTRERAS BAEZA, Mª JOSE;4235;Andalucía;Málaga;Málaga;Oficinas de farmacia;Privados
0129003898;CONTRERAS FABA, MARTA/ GALAN LARRUBIA, PEDRO JOSE;4345;Andalucía;Málaga;Málaga;Oficinas de farmacia;Privados
0129004013;CORDON GUTIERREZ DEL A., RAFAEL;4620;Andalucía;Málaga;Málaga;Oficinas de farmacia;Privados
0129006230;CORIAT FLAQUER, LUIS ALBERTO;4528;Andalucía;Málaga;Málaga;Oficinas de farmacia;Privados
0129006255;CORONADO GONZALEZ, MARIA JESUS;4638;Andalucía;Málaga;Málaga;Oficinas de farmacia;Privados
0129006486;CRIADO ENCISO, FRANCISCO;4446;Andalucía;Málaga;Málaga;Oficinas de farmacia;Privados
0129006033;DE ANDRES DIAZ, CONCEPCION;4367;Andalucía;Málaga;Málaga;Oficinas de farmacia;Privados
0129005886;DE CASTRO NOGALES, MANUEL;4308;Andalucía;Málaga;Málaga;Oficinas de farmacia;Privados
0129003929;DE CUADRA GARCIA, MONTSERRAT;4415;Andalucía;Málaga;Málaga;Oficinas de farmacia;Privados
0129006108;DE DAMAS FERNANDEZ-FIGARES, LOURDES;4404;Andalucía;Málaga;Málaga;Oficinas de farmacia;Privados
0129003927;DE LA LINDE PALOMINO, ENCARNACION;4411;Andalucía;Málaga;Málaga;Oficinas de farmacia;Privados
0129005289;DE LOS RIOS JURADO, EVA;4306;Andalucía;Málaga;Málaga;Oficinas de farmacia;Privados
0129006437;DE ZAYAS ACOSTA, JOSE;4335;Andalucía;Málaga;Málaga;Oficinas de farmacia;Privados
0129003962;DEL ALCAZAR PEREZ DE LA TORRE, DARIO;4498;Andalucía;Málaga;Málaga;Oficinas de farmacia;Privados
0129005317;DEL RIO PEREZ-PIAYA,  MAª JOSE;4500;Andalucía;Málaga;Málaga;Oficinas de farmacia;Privados
0129003933;DELGADO CERVANTES, INES;4421;Andalucía;Málaga;Málaga;Oficinas de farmacia;Privados
0129004014;DELGADO DELGADO, ANTONIO JOSE/DELGADO CERVANTES, ANA Mª;4625;Andalucía;Málaga;Málaga;Oficinas de farmacia;Privados
0129005796;DELGADO VEGAL, ALFREDO;4263;Andalucía;Málaga;Málaga;Oficinas de farmacia;Privados
0129004002;DIAZ MERINO, ROSA Y JUAN FRANCISCO;4600;Andalucía;Málaga;Málaga;Oficinas de farmacia;Privados
0129006251;DIAZ RODRIGUEZ, ROSA MARIA;4627;Andalucía;Málaga;Málaga;Oficinas de farmacia;Privados
0129003893;DIAZ SUAREZ, M. CARMEN / MOYA DIAZ, CARMEN;4324;Andalucía;Málaga;Málaga;Oficinas de farmacia;Privados
0129005744;DIAZ SUAREZ, TOMAS;4240;Andalucía;Málaga;Málaga;Oficinas de farmacia;Privados
0129003932;DIAZ VERA , JOSE MANUEL;4420;Andalucía;Málaga;Málaga;Oficinas de farmacia;Privados
0129006249;ESPANTALEON RUIZ, BLANCA Y ESPAÑA GAª VALDECASAS, MAª FCA;4621;Andalucía;Málaga;Málaga;Oficinas de farmacia;Privados
0129006142;ESPINOSA GONZALEZ , MARTA  Y ESPINOSA GONZALEZ, LUIS;4448;Andalucía;Málaga;Málaga;Oficinas de farmacia;Privados
0129006468;FABA CONDE, MAª LUISA;4408;Andalucía;Málaga;Málaga;Oficinas de farmacia;Privados
0129003953;FERNANDEZ ALVAREZ, CARMEN TERESA;4474;Andalucía;Málaga;Málaga;Oficinas de farmacia;Privados
0129005433;FERNANDEZ ALVAREZ, JAVIER;4085;Andalucía;Málaga;Málaga;Oficinas de farmacia;Privados
0129005294;FERNANDEZ MORALES, M. DOLORES Y LOPEZ FERNANDEZ JOSE FCO;4340;Andalucía;Málaga;Málaga;Oficinas de farmacia;Privados
0129003924;FERNANDEZ ROBLEDO, MARIA DEL CARMEN;4405;Andalucía;Málaga;Málaga;Oficinas de farmacia;Privados
0129006393;FERRER GUTIERREZ DE LA CUEVA, LOURDES;4232;Andalucía;Málaga;Málaga;Oficinas de farmacia;Privados
0129004028;FIESTAS GARCIA-IZQUIERDO, Mª DEL MAR Y PATRICIA;4686;Andalucía;Málaga;Málaga;Oficinas de farmacia;Privados
0129005985;FORNELLS  ARMIJO, CELEDONIO/FORNELLS MARTINEZ, AMALIA Y MACARENA;4344;Andalucía;Málaga;Málaga;Oficinas de farmacia;Privados
0129006256;GALINDO MORALES, PEDRO LUIS;4643;Andalucía;Málaga;Málaga;Oficinas de farmacia;Privados
0129005315;GALLEGO GARNICA, CONCEPCION;4495;Andalucía;Málaga;Málaga;Oficinas de farmacia;Privados
0129005872;GALLEGO GONZALEZ, JUAN J. Y GALLEGO PEINADO, ROSA INES;4294;Andalucía;Málaga;Málaga;Oficinas de farmacia;Privados
0129006248;GAMIZ MATEAS, ANGELES;4606;Andalucía;Málaga;Málaga;Oficinas de farmacia;Privados
0129006396;GARCIA CARMONA, MARIA PETRA;4236;Andalucía;Málaga;Málaga;Oficinas de farmacia;Privados
0129006105;GARCIA DELGADO, PILAR;4401;Andalucía;Málaga;Málaga;Oficinas de farmacia;Privados
0129006398;GARCIA FERNANDEZ, RITA;4242;Andalucía;Málaga;Málaga;Oficinas de farmacia;Privados
0129005287;GARCIA GALDEANO, JOSE MARIA;4302;Andalucía;Málaga;Málaga;Oficinas de farmacia;Privados
0129005233;GARCIA QUERO, JUAN FRANCISCO;4112;Andalucía;Málaga;Málaga;Oficinas de farmacia;Privados
0129003976;GARCIA-VALDECASAS MARQUEZ, CARMEN;4537;Andalucía;Málaga;Málaga;Oficinas de farmacia;Privados
0129003834;GARNICA HERREROS, EDUARDO/NATALIA/LORENA;4177;Andalucía;Málaga;Málaga;Oficinas de farmacia;Privados
0129006477;GARNICA ZURITA, FERNANDO;4430;Andalucía;Málaga;Málaga;Oficinas de farmacia;Privados
0129006618;GARRIDO GARFIA, CARLOTA;4590;Andalucía;Málaga;Málaga;Oficinas de farmacia;Privados
0129005188;GIL-CEPEDA CALERO, FERMIN;4080;Andalucía;Málaga;Málaga;Oficinas de farmacia;Privados
0129003867;GIL-CEPEDA CALERO, JAIME;4264;Andalucía;Málaga;Málaga;Oficinas de farmacia;Privados
0129003875;GOMEZ BERJON, M. TERESA;4277;Andalucía;Málaga;Málaga;Oficinas de farmacia;Privados
0129006522;GOMEZ GARCIA, JUAN MANUEL;4515;Andalucía;Málaga;Málaga;Oficinas de farmacia;Privados
0129006478;GOMEZ LORA, J. MANUEL;4433;Andalucía;Málaga;Málaga;Oficinas de farmacia;Privados
0129006367;GOMEZ SANCHEZ, RAFAEL;4131;Andalucía;Málaga;Málaga;Oficinas de farmacia;Privados
0129006226;GONZALEZ  DE HOYOS, RAFAEL;4521;Andalucía;Málaga;Málaga;Oficinas de farmacia;Privados
0129006441;GONZALEZ BOHORQUEZ, CECILIA;4342;Andalucía;Málaga;Málaga;Oficinas de farmacia;Privados
0129006234;GONZALEZ CONTRERAS, JOSEFINA;4541;Andalucía;Málaga;Málaga;Oficinas de farmacia;Privados
0129005955;GONZALEZ RODRIGUEZ, ANA;4334;Andalucía;Málaga;Málaga;Oficinas de farmacia;Privados
0129006444;GRANA GIL, MERCEDES;4347;Andalucía;Málaga;Málaga;Oficinas de farmacia;Privados
0129004007;GUERRA PEREZ, DIONISIO;4611;Andalucía;Málaga;Málaga;Oficinas de farmacia;Privados
0129004004;GUERRERO RIVERA, JOSE LEON/GUERRERO OCHOA, PILAR YJUAN;4608;Andalucía;Málaga;Málaga;Oficinas de farmacia;Privados
0129003868;GUERRERO SANCHEZ, MARIA GRACIA;4265;Andalucía;Málaga;Málaga;Oficinas de farmacia;Privados
0129006525;GUERRERO VAZQUEZ, JUAN JOSE;4517;Andalucía;Málaga;Málaga;Oficinas de farmacia;Privados
0129004019;GUZMAN GOMEZ, ANTONIO;4637;Andalucía;Málaga;Málaga;Oficinas de farmacia;Privados
0129006779;GUZMAN GOMEZ, MAª LUZ;4690;Andalucía;Málaga;Málaga;Oficinas de farmacia;Privados
0129003872;HERNANDEZ RAMIREZ, Mª DOLORES;4272;Andalucía;Málaga;Málaga;Oficinas de farmacia;Privados
0129003947;HERNANDEZ RAMIREZ, MANUEL;4460;Andalucía;Málaga;Málaga;Oficinas de farmacia;Privados
0129003878;HERVAS JIMENEZ Mª VICTORIA;4287;Andalucía;Málaga;Málaga;Oficinas de farmacia;Privados
0129006513;JAUREGUI VEGA, MARIANO;4505;Andalucía;Málaga;Málaga;Oficinas de farmacia;Privados
0129006372;JIMENEZ MORALES, M. LUISA;4138;Andalucía;Málaga;Málaga;Oficinas de farmacia;Privados
0129006378;JORDAN NIETO, MAª JOSEFA;4166;Andalucía;Málaga;Málaga;Oficinas de farmacia;Privados
0129003897;JURADO RUIZ, ELVIRA Y RUIZ LOBATO, Mª ANGELES;4332;Andalucía;Málaga;Málaga;Oficinas de farmacia;Privados
0129005962;LABRADOR HUERGA, FELIPA;4336;Andalucía;Málaga;Málaga;Oficinas de farmacia;Privados
0129005210;LARA FLORES, JUAN JESUS;4091;Andalucía;Málaga;Málaga;Oficinas de farmacia;Privados
0129006453;LAYNEZ RUBIO, CRISTINA;4368;Andalucía;Málaga;Málaga;Oficinas de farmacia;Privados
0129006759;LAZA GARCIA, JOSE MARIA;4681;Andalucía;Málaga;Málaga;Oficinas de farmacia;Privados
0129006401;LEIVA VERA, JUAN ANTONIO;4246;Andalucía;Málaga;Málaga;Oficinas de farmacia;Privados
0129006517;LOPEZ DE VINUESA PEREZ, ENRIQUE;4509;Andalucía;Málaga;Málaga;Oficinas de farmacia;Privados
0129006450;LOPEZ DE VINUESA PEREZ, JOSE;4360;Andalucía;Málaga;Málaga;Oficinas de farmacia;Privados
0129005283;LOPEZ DE VINUESA PEREZ, LUCIA;4276;Andalucía;Málaga;Málaga;Oficinas de farmacia;Privados
0129006397;LOPEZ ESPADA, MAª SIERRA;4237;Andalucía;Málaga;Málaga;Oficinas de farmacia;Privados
0129003967;LOPEZ FERNANDEZ, FELIPE;4518;Andalucía;Málaga;Málaga;Oficinas de farmacia;Privados
0129006407;LOPEZ GARCIA, JOSE GABRIEL;4257;Andalucía;Málaga;Málaga;Oficinas de farmacia;Privados
0129006480;LOPEZ HERNANDEZ, JESUS FELIPE;4434;Andalucía;Málaga;Málaga;Oficinas de farmacia;Privados
0129005320;LOPEZ PALOMO, VICTOR LUIS;4514;Andalucía;Málaga;Málaga;Oficinas de farmacia;Privados
0129006400;LOPEZ PINEÑO, MAª JOSEFA;4245;Andalucía;Málaga;Málaga;Oficinas de farmacia;Privados
0129006760;LOPEZ RAVE, EMILIA;4683;Andalucía;Málaga;Málaga;Oficinas de farmacia;Privados
0129005815;LOPEZ RODRIGUEZ, MARGARITA;4273;Andalucía;Málaga;Málaga;Oficinas de farmacia;Privados
0129006447;LOPEZ SANTOS, PEDRO Y LOPEZ-SANTOS ROMAN, FUENSANTA;4356;Andalucía;Málaga;Málaga;Oficinas de farmacia;Privados
0129006500;LOPEZ YERON, MATILDE MARTA;4481;Andalucía;Málaga;Málaga;Oficinas de farmacia;Privados
0129005270;MAESE MOLINA, TRINIDAD MARIA;4206;Andalucía;Málaga;Málaga;Oficinas de farmacia;Privados
0129003946;MALO MANSO, IZASKUM;4459;Andalucía;Málaga;Málaga;Oficinas de farmacia;Privados
0129006559;MARIN ZAFRA, RAFAEL;4553;Andalucía;Málaga;Málaga;Oficinas de farmacia;Privados
0129005488;MARQUES DE TORRES, MIGUEL JOSE;4124;Andalucía;Málaga;Málaga;Oficinas de farmacia;Privados
0129006546;MARTIN DE LOS RIOS, JOSE;4540;Andalucía;Málaga;Málaga;Oficinas de farmacia;Privados
0129003989;MARTIN RUIZ, JUAN SALVADOR;4575;Andalucía;Málaga;Málaga;Oficinas de farmacia;Privados
0129004009;MARTIN SANCHEZ BEATRIZ;4614;Andalucía;Málaga;Málaga;Oficinas de farmacia;Privados
0129003995;MARTINEZ ARAGON, MARIA;4592;Andalucía;Málaga;Málaga;Oficinas de farmacia;Privados
0129005189;MARTINEZ CARRASCO, LEANDRO Y NIETO CASTELLS, MIGUEL JAVIER;4082;Andalucía;Málaga;Málaga;Oficinas de farmacia;Privados
0129006505;MARTINEZ GOMEZ, FCO. JAVIER Y MARTINEZ GOMEZ, ELENA;4487;Andalucía;Málaga;Málaga;Oficinas de farmacia;Privados
0129006114;MARTINEZ GONZALEZ, ARANZAZU Y MARINO;4419;Andalucía;Málaga;Málaga;Oficinas de farmacia;Privados
0129006365;MARTINEZ MOLINA,SARA MAª/ MARTINEZ MOLINA, MARINA;4120;Andalucía;Málaga;Málaga;Oficinas de farmacia;Privados
0129005274;MEGIAS CALERO, JUAN DE DIOS;4224;Andalucía;Málaga;Málaga;Oficinas de farmacia;Privados
0129004034;MERIDA GUZMAN, NURIA;4697;Andalucía;Málaga;Málaga;Oficinas de farmacia;Privados
0129003861;MERINO PALOMO, MARGARITA Y SANTIAGO;4250;Andalucía;Málaga;Málaga;Oficinas de farmacia;Privados
0129003889;MIÑANA GARCIA, PEDRO;4313;Andalucía;Málaga;Málaga;Oficinas de farmacia;Privados
0129003968;MIÑANA GARCIA, VICTOR;4520;Andalucía;Málaga;Málaga;Oficinas de farmacia;Privados
0129003928;MIR MACIAS, PILAR;4412;Andalucía;Málaga;Málaga;Oficinas de farmacia;Privados
0129003873;MOLINA CHACON, MAª SOLEDAD;4274;Andalucía;Málaga;Málaga;Oficinas de farmacia;Privados
0129006416;MOLINA SANCHEZ, M. ELOISA;4290;Andalucía;Málaga;Málaga;Oficinas de farmacia;Privados
0129006576;MOLINA SANCHEZ, MAª JOSEFA//MOLIZ MOLINA, MAª JOSEFA;4564;Andalucía;Málaga;Málaga;Oficinas de farmacia;Privados
0129003821;MONTES LOPEZ, MARIA DEL MAR;4134;Andalucía;Málaga;Málaga;Oficinas de farmacia;Privados
0129006423;MORA MONTES, GERARDO;4300;Andalucía;Málaga;Málaga;Oficinas de farmacia;Privados
0129006484;MORALES BURGOS, JOSE  LUIS;4443;Andalucía;Málaga;Málaga;Oficinas de farmacia;Privados
0129003954;MORALES ESCUDER, Mª LUISA;4480;Andalucía;Málaga;Málaga;Oficinas de farmacia;Privados
0129006498;MORALES SOLER, JUAN;4476;Andalucía;Málaga;Málaga;Oficinas de farmacia;Privados
0129003860;MORANTE  MORALEDA, EMILIA / MARTINEZ MORANTE, EMILIA;4249;Andalucía;Málaga;Málaga;Oficinas de farmacia;Privados
0129006405;MORENO SANCHEZ, ANA MAª;4254;Andalucía;Málaga;Málaga;Oficinas de farmacia;Privados
0129003912;MORENO VALENZUELA, MAª DEL CARMEN;4376;Andalucía;Málaga;Málaga;Oficinas de farmacia;Privados
0129005302;MUÑOZ ESTRADA, CARMEN;4394;Andalucía;Málaga;Málaga;Oficinas de farmacia;Privados
0129005298;MUÑOZ ESTRADA, IGNACIO;4378;Andalucía;Málaga;Málaga;Oficinas de farmacia;Privados
0129004012;MUÑOZ FERNANDEZ, ELISA;4619;Andalucía;Málaga;Málaga;Oficinas de farmacia;Privados
0129006143;MUÑOZ MESA, JOSE EMILIO;4449;Andalucía;Málaga;Málaga;Oficinas de farmacia;Privados
0129005324;NARBONA FERNANDEZ, MARIA CARMEN;4549;Andalucía;Málaga;Málaga;Oficinas de farmacia;Privados
0129003815;NARVAEZ GARCIA, MIGUEL DOMINGO;4115;Andalucía;Málaga;Málaga;Oficinas de farmacia;Privados
0129005999;NAVARRO CASTRO, SUSANA /NAVARRO CASTRO, PALOMA;4348;Andalucía;Málaga;Málaga;Oficinas de farmacia;Privados
0129003891;NAVARRO JIMENEZ, FERNANDO/ NAVARRO VILLEN, LUISA MARIA;4322;Andalucía;Málaga;Málaga;Oficinas de farmacia;Privados
0129006561;NAVARRO LUNA, ANA;4555;Andalucía;Málaga;Málaga;Oficinas de farmacia;Privados
0129003939;NAVARRO ZURITA, ALICIA MAª;4447;Andalucía;Málaga;Málaga;Oficinas de farmacia;Privados
0129003890;NESTARES RINCON, JOSE LUIS;4315;Andalucía;Málaga;Málaga;Oficinas de farmacia;Privados
0129003965;NIETO SANCHEZ, VICENTE MIGUEL;4513;Andalucía;Málaga;Málaga;Oficinas de farmacia;Privados
0129003894;NOGALES CERRATO, INES/ DE CASTRO NOGALES, Mª CARMEN;4325;Andalucía;Málaga;Málaga;Oficinas de farmacia;Privados
0129003903;NOVO GARCIA, OFELIA Y JOSE ANTONIO;4355;Andalucía;Málaga;Málaga;Oficinas de farmacia;Privados
0129005223;OCAÑA LUENGO, CONCEPCION;4100;Andalucía;Málaga;Málaga;Oficinas de farmacia;Privados
0129006411;OCAÑA LUENGO, M. ISABEL;4280;Andalucía;Málaga;Málaga;Oficinas de farmacia;Privados
0129006664;ONIEVA VERGARA, M. LOURDES;4615;Andalucía;Málaga;Málaga;Oficinas de farmacia;Privados
0129006410;OROPESA MARQUEZ, M. TERESA;4279;Andalucía;Málaga;Málaga;Oficinas de farmacia;Privados
0129006537;ORTEGA ARTEAGA, ANTONIO;4527;Andalucía;Málaga;Málaga;Oficinas de farmacia;Privados
0129006527;ORTEGA MUÑOZ, M. JESUS;4519;Andalucía;Málaga;Málaga;Oficinas de farmacia;Privados
0129006496;OSES RUBIO, MANUEL;4468;Andalucía;Málaga;Málaga;Oficinas de farmacia;Privados
0129006509;PADILLA MARQUEZ, MAª JOSE Y PALOMINO GARCIA, MIGUEL;4501;Andalucía;Málaga;Málaga;Oficinas de farmacia;Privados
0129006458;PAEZ DUEÑAS, RAFAEL;4384;Andalucía;Málaga;Málaga;Oficinas de farmacia;Privados
0129004024;PAEZ MARTINEZ, JOSE MANUEL/ PAEZ GOMEZ, TOMAS;4680;Andalucía;Málaga;Málaga;Oficinas de farmacia;Privados
0129003935;PALLARES SANCHEZ, LUCIA/ /MARTI PALLARES, MAª ISABEL Y FERNANDO;4425;Andalucía;Málaga;Málaga;Oficinas de farmacia;Privados
0129005266;PALMA JURADO, Mª JOSE;4196;Andalucía;Málaga;Málaga;Oficinas de farmacia;Privados
0129006512;PALOMAR GARCIA, MAª CARMEN;4504;Andalucía;Málaga;Málaga;Oficinas de farmacia;Privados
0129005280;PAREDES FELIPE, M. CARMEN Y FAJARDO PAREDES, PALOMA;4259;Andalucía;Málaga;Málaga;Oficinas de farmacia;Privados
0129006446;PARODY REYES, ANTONIO;4353;Andalucía;Málaga;Málaga;Oficinas de farmacia;Privados
0129003874;PAVON RODRIGUEZ, JOSEFA/ FERNANDEZ PAVON, LETICIA;4275;Andalucía;Málaga;Málaga;Oficinas de farmacia;Privados
0129006472;PEREZ FERNANDEZ, MAª DOLORES;4417;Andalucía;Málaga;Málaga;Oficinas de farmacia;Privados
0129003925;PEREZ- LANZAC FERNANDEZ, MARIANA CLARA;4406;Andalucía;Málaga;Málaga;Oficinas de farmacia;Privados
0129006467;PEREZ MARTINEZ, AMPARO REGENTE, ROQUE MANUEL GUERRERO MILLAN;4403;Andalucía;Málaga;Málaga;Oficinas de farmacia;Privados
0129006418;PEREZ RUBIO, ELGA MAª;4292;Andalucía;Málaga;Málaga;Oficinas de farmacia;Privados
0129006511;PEREZ-PIAYA GARCIA, ELOISA;4503;Andalucía;Málaga;Málaga;Oficinas de farmacia;Privados
0129006452;PEREZ-PIAYA MATEOS, EMILIO;4364;Andalucía;Málaga;Málaga;Oficinas de farmacia;Privados
0129003980;PEREZ-PIAYA MATEOS, MANUEL;4544;Andalucía;Málaga;Málaga;Oficinas de farmacia;Privados
0129006439;PILAR JIMENEZ, CARMEN;4338;Andalucía;Málaga;Málaga;Oficinas de farmacia;Privados
0129005128;PIÑERO VIRUEL, ENCARNACION;4033;Andalucía;Málaga;Málaga;Oficinas de farmacia;Privados
0129006391;PLAZA MARTIN, M. LUISA;4226;Andalucía;Málaga;Málaga;Oficinas de farmacia;Privados
0129003911;POBLACIONES FONTES, MERCEDES;4374;Andalucía;Málaga;Málaga;Oficinas de farmacia;Privados
0129006455;PONS ORTEGA, MAª CRISTINA;4371;Andalucía;Málaga;Málaga;Oficinas de farmacia;Privados
0129004031;PORRAS  BALLESTEROS, MARIA CARMEN;4694;Andalucía;Málaga;Málaga;Oficinas de farmacia;Privados
0129003922;QUESADA GALAN, GUILLERMINA;4400;Andalucía;Málaga;Málaga;Oficinas de farmacia;Privados
0129006427;QUESADA SEGURA, JUAN FERNANDO;4317;Andalucía;Málaga;Málaga;Oficinas de farmacia;Privados
0129003892;RAMOS AGUDO, ALMUDENA;4323;Andalucía;Málaga;Málaga;Oficinas de farmacia;Privados
0129004035;RICO NESTARES, CONCEPCION;4698;Andalucía;Málaga;Málaga;Oficinas de farmacia;Privados
0129006440;RICO NESTARES, GONZALO;4339;Andalucía;Málaga;Málaga;Oficinas de farmacia;Privados
0129003963;RICO NESTARES, JOSE PEDRO;4499;Andalucía;Málaga;Málaga;Oficinas de farmacia;Privados
0129004036;RICO NESTARES, Mª CRISTINA;4699;Andalucía;Málaga;Málaga;Oficinas de farmacia;Privados
0129006395;RIVAS CABRERA, MIGUEL;4234;Andalucía;Málaga;Málaga;Oficinas de farmacia;Privados
0129006590;RODRIGUEZ FLORES, ADOLFO;4572;Andalucía;Málaga;Málaga;Oficinas de farmacia;Privados
0129003956;RODRIGUEZ RASCON, ANTONIO JESUS Y RODRIGUEZ AYLON, DIEGO;4486;Andalucía;Málaga;Málaga;Oficinas de farmacia;Privados
0129003960;RODRIGUEZ SIERRAS, FRANCISCO JOSE;4494;Andalucía;Málaga;Málaga;Oficinas de farmacia;Privados
0129001384;RODULFO CASTILLO, JUAN DIEGO;18560;Andalucía;Málaga;Málaga;Oficinas de farmacia;Privados
0129005178;ROJAS SIERRA, CONCEPCION;4070;Andalucía;Málaga;Málaga;Oficinas de farmacia;Privados
0129006257;ROMERO GARCIA, Mª PILAR;4687;Andalucía;Málaga;Málaga;Oficinas de farmacia;Privados
0129003904;ROMERO SANCHEZ, JAVIER MANUEL;4358;Andalucía;Málaga;Málaga;Oficinas de farmacia;Privados
0129003859;RUBIO QUESADA, MATILDE Y GUIRAUM RUBIO, MATILDE Y Mª LAURA;4247;Andalucía;Málaga;Málaga;Oficinas de farmacia;Privados
0129004015;RUBIO RUIZ, EMILIO;4632;Andalucía;Málaga;Málaga;Oficinas de farmacia;Privados
0129003940;RUIZ AYALA, JUAN//BALLESTEROS GARCIA, INMACULADA;4450;Andalucía;Málaga;Málaga;Oficinas de farmacia;Privados
0129003974;RUIZ- CAPILLA GIL, CAROLINA;4534;Andalucía;Málaga;Málaga;Oficinas de farmacia;Privados
0129006426;RUIZ HINOJOSA, AGUEDA;4316;Andalucía;Málaga;Málaga;Oficinas de farmacia;Privados
0129006564;RUIZ JEREZ, AMALIO;4558;Andalucía;Málaga;Málaga;Oficinas de farmacia;Privados
0129005323;RUIZ JIMENEZ, Mª TERESA/AZNAR GAVILAN, SERGIO;4548;Andalucía;Málaga;Málaga;Oficinas de farmacia;Privados
0129003936;RUIZ-CAPILLA GIL, CLAUDIA;4435;Andalucía;Málaga;Málaga;Oficinas de farmacia;Privados
0129006413;SANCHEZ ABRIL, JOSE;4285;Andalucía;Málaga;Málaga;Oficinas de farmacia;Privados
0129006408;SANCHEZ CABEZUDO MERCHAN, MAº CARMEN;4268;Andalucía;Málaga;Málaga;Oficinas de farmacia;Privados
0129003881;SANCHEZ COBOS ANTONIO. SANCHEZ COBOS, Mª DEL MAR;4291;Andalucía;Málaga;Málaga;Oficinas de farmacia;Privados
0129003949;SANCHEZ COBOS, CONCEPCION;4463;Andalucía;Málaga;Málaga;Oficinas de farmacia;Privados
0129003831;SANCHEZ COBOS, M. DOLORES/MORENO SANCHEZ, BLAS;4174;Andalucía;Málaga;Málaga;Oficinas de farmacia;Privados
0129003964;SANCHEZ FERNANDEZ, MANUEL;4507;Andalucía;Málaga;Málaga;Oficinas de farmacia;Privados
0129006424;SANCHEZ LAMA, JOSE MIGUEL;4309;Andalucía;Málaga;Málaga;Oficinas de farmacia;Privados
0129006489;SANCHEZ ONANDIA, FELIX,;4456;Andalucía;Málaga;Málaga;Oficinas de farmacia;Privados
0129003908;SANCHEZ SANTOS, ALMA ROCIO;4366;Andalucía;Málaga;Málaga;Oficinas de farmacia;Privados
0129006644;SANCHEZ VAZQUEZ, ANA MARIA;4607;Andalucía;Málaga;Málaga;Oficinas de farmacia;Privados
0129003884;SANCHEZ-IBARGUEN MORENTE, MAª MARTINA;4298;Andalucía;Málaga;Málaga;Oficinas de farmacia;Privados
0129006241;SANCHO CABRERA, SONIA;4560;Andalucía;Málaga;Málaga;Oficinas de farmacia;Privados
0129004008;SANJUAN JIMENEZ, MAª. CRISTINA/VALERO SANJUAN, MARTA ELENA;4613;Andalucía;Málaga;Málaga;Oficinas de farmacia;Privados
0129005905;SANTANA  GIL, JOSE MARIA;4326;Andalucía;Málaga;Málaga;Oficinas de farmacia;Privados
0129006494;SANTOS ALGUACIL, JOSE IGNACIO;4467;Andalucía;Málaga;Málaga;Oficinas de farmacia;Privados
0129005282;SERRANO GARCIA, MARGARITA;4269;Andalucía;Málaga;Málaga;Oficinas de farmacia;Privados
0129006394;SOLER MASCORT, JULIA;4233;Andalucía;Málaga;Málaga;Oficinas de farmacia;Privados
0129006259;TAPIA RUIZ, Mª PIEDAD;4702;Andalucía;Málaga;Málaga;Oficinas de farmacia;Privados
0129006466;TIESSLER GALVEZ, PABLO ANTONIO;4399;Andalucía;Málaga;Málaga;Oficinas de farmacia;Privados
0129006402;TOLEDO MARTIN, MAª DEL MAR;4251;Andalucía;Málaga;Málaga;Oficinas de farmacia;Privados
0129006492;TORRES JAEN, MERCEDES;4465;Andalucía;Málaga;Málaga;Oficinas de farmacia;Privados
0129006602;TUDELA VON SCHMITERLOW, JAVIER;4579;Andalucía;Málaga;Málaga;Oficinas de farmacia;Privados
0129006582;UTRERA JORDAN, EMLIO A.;4570;Andalucía;Málaga;Málaga;Oficinas de farmacia;Privados
0129003975;UTRERA VARELA, ROSA MARIA /  RUIZ UTRERA, PABLO;4535;Andalucía;Málaga;Málaga;Oficinas de farmacia;Privados
0129006577;VARGAS-MACHUCA DE ALVA, M. CARMEN;4569;Andalucía;Málaga;Málaga;Oficinas de farmacia;Privados
0129006475;VAZQUEZ RUBIO, INES;4427;Andalucía;Málaga;Málaga;Oficinas de farmacia;Privados
0129005303;VELASCO LASARTE, ELENA;4397;Andalucía;Málaga;Málaga;Oficinas de farmacia;Privados
0129005329;VELASCO LASARTE, GUILLERMO;4568;Andalucía;Málaga;Málaga;Oficinas de farmacia;Privados
0129006473;VERA CASTILLO, ANA;4423;Andalucía;Málaga;Málaga;Oficinas de farmacia;Privados
0129003879;VILLAFRANCA DE PORRAS, Mª CARMEN//RUIZ VILLAFRANCA, Mª CARMEN;4288;Andalucía;Málaga;Málaga;Oficinas de farmacia;Privados
0129006404;VILLEN JALDO, LUISA M.;4253;Andalucía;Málaga;Málaga;Oficinas de farmacia;Privados
0129006399;ZAMORANO TORO, INMACULADA;4244;Andalucía;Málaga;Málaga;Oficinas de farmacia;Privados