0141001087;MARTIN ALFARO, TERESA;20438;Andalucía;Sevilla;Sevilla;Oficinas de farmacia;Privados
0141005700;MARTIN CALERO, MARIA JOSE / DE LA MATTA MARTIN, MARIA JOSE;20364;Andalucía;Sevilla;Sevilla;Oficinas de farmacia;Privados
0141005660;MARTIN CARTES,RAFAEL;20256;Andalucía;Sevilla;Sevilla;Oficinas de farmacia;Privados
0141001005;MARTIN CHAVES, EDUARDO;20288;Andalucía;Sevilla;Sevilla;Oficinas de farmacia;Privados
0141000819;MARTIN DE LA HINOJOSA. TORRES LINERO,MANUELA;19881;Andalucía;Sevilla;Sevilla;Oficinas de farmacia;Privados
0141005705;MARTIN DE OLIVA FROIS,REYES;20374;Andalucía;Sevilla;Sevilla;Oficinas de farmacia;Privados
0141001096;MARTIN LEON,Mª DOLORES/ RODRIGUEZ MARTIN, MERCEDES;20470;Andalucía;Sevilla;Sevilla;Oficinas de farmacia;Privados
0141000768;MARTIN RUIZ, ANTONIO/ LOPEZ ZUÑIGA, ANA;19801;Andalucía;Sevilla;Sevilla;Oficinas de farmacia;Privados
0141002958;MARTINEZ CACACE, MERCEDES / GONZALEZ DE CASTRO, Mª DEL CARMEN;34233;Andalucía;Sevilla;Sevilla;Oficinas de farmacia;Privados
0141001126;MARTINEZ FERNANDEZ, DOLORES AUXILIADORA;20550;Andalucía;Sevilla;Sevilla;Oficinas de farmacia;Privados
0141004783;MARTINEZ MARTINEZ, NIEVES;19910;Andalucía;Sevilla;Sevilla;Oficinas de farmacia;Privados
0141004831;MARTINEZ PANDO, FRANCISCO JOSE;20501;Andalucía;Sevilla;Sevilla;Oficinas de farmacia;Privados
0141000831;MARTINEZ RODRIGUEZ DE COLMENARES,FRANCISCO ISIDORO;19908;Andalucía;Sevilla;Sevilla;Oficinas de farmacia;Privados
0141000855;MARTINEZ RODRIGUEZ DE COLMENARES,ROSARIO;19955;Andalucía;Sevilla;Sevilla;Oficinas de farmacia;Privados
0141000876;MARTINEZ VILLASEÑOR DE MEDINA,CARMEN;19985;Andalucía;Sevilla;Sevilla;Oficinas de farmacia;Privados
0141000848;MARTIN-SACRISTAN NUÑEZ,INMACULADA;19934;Andalucía;Sevilla;Sevilla;Oficinas de farmacia;Privados
0141000834;MATEOS PAEZ, MARIA ANGELES /  MATEOS PAEZ, LINA;19912;Andalucía;Sevilla;Sevilla;Oficinas de farmacia;Privados
0141000815;MAZUELOS BENITEZ, LUIS MARIA;19876;Andalucía;Sevilla;Sevilla;Oficinas de farmacia;Privados
0141001020;MEDINA REDONDO,PILAR, MORALES MEDINA Mª PILAR;20314;Andalucía;Sevilla;Sevilla;Oficinas de farmacia;Privados
0141001092;MELENDEZ BELLO, CARLOTA;20451;Andalucía;Sevilla;Sevilla;Oficinas de farmacia;Privados
0141005531;MELENDO ARANCON,ENCARNACION;19991;Andalucía;Sevilla;Sevilla;Oficinas de farmacia;Privados
0141000820;MELGAREJO DOMINGUEZ, LUIS;19883;Andalucía;Sevilla;Sevilla;Oficinas de farmacia;Privados
0141005516;MENACHO MOSCOSO, ROSARIO;19944;Andalucía;Sevilla;Sevilla;Oficinas de farmacia;Privados
0141000972;MENAYO MARISCAL,FERNANDO/ MENAYO MARISCAL, CAROLINA;20211;Andalucía;Sevilla;Sevilla;Oficinas de farmacia;Privados
0141005666;MENAYO MENA,FEDERICO;20270;Andalucía;Sevilla;Sevilla;Oficinas de farmacia;Privados
0141005663;MENDARO TORRES,CEFERINO;20265;Andalucía;Sevilla;Sevilla;Oficinas de farmacia;Privados
0141005494;MERINO MERIDA,ELENA;19891;Andalucía;Sevilla;Sevilla;Oficinas de farmacia;Privados
0141005496;MESA LOBATO, EMILIA ROCIO;19896;Andalucía;Sevilla;Sevilla;Oficinas de farmacia;Privados
0141001017;MIRANDA CEPERO, DOLORES;20308;Andalucía;Sevilla;Sevilla;Oficinas de farmacia;Privados
0141005714;MIRO JODRAL,MAª DOLORES;20395;Andalucía;Sevilla;Sevilla;Oficinas de farmacia;Privados
0141000990;MIRON GONZALEZ, CRISTINA;20253;Andalucía;Sevilla;Sevilla;Oficinas de farmacia;Privados
0141001077;MOLINA BECERRA,JOSE LUIS/ DE TROYA BENJUMENA, JOSE MARIA;20416;Andalucía;Sevilla;Sevilla;Oficinas de farmacia;Privados
0141005681;MOLINA SEGOVIA,CARMEN;20306;Andalucía;Sevilla;Sevilla;Oficinas de farmacia;Privados
0141005487;MOLINI ESTRADA,LUIS;19871;Andalucía;Sevilla;Sevilla;Oficinas de farmacia;Privados
0141001026;MONTES PEREZ,JOSE ALFONSO/ MONTES BERRIATUA, CRISTINA;20325;Andalucía;Sevilla;Sevilla;Oficinas de farmacia;Privados
0141005533;MONTORO SANDEZ,EMILIA;19998;Andalucía;Sevilla;Sevilla;Oficinas de farmacia;Privados
0141005706;MONTOTO LOPEZ,MAª JOSEFA;20375;Andalucía;Sevilla;Sevilla;Oficinas de farmacia;Privados
0141000765;MONZON MORENO, MAª PAZ;19798;Andalucía;Sevilla;Sevilla;Oficinas de farmacia;Privados
0141001021;MORA AMARO,INMACULADA/ MORA AMARO, ALVARO;20315;Andalucía;Sevilla;Sevilla;Oficinas de farmacia;Privados
0141004422;MORALES CAÑADAS, EUGENIA/ SERRANO MORALES, JOSE MANUEL;20459;Andalucía;Sevilla;Sevilla;Oficinas de farmacia;Privados
0141005699;MORALES MILLAN,MAª TERESA;20357;Andalucía;Sevilla;Sevilla;Oficinas de farmacia;Privados
0141000841;MORELL GUTIERREZ, JOSE;19920;Andalucía;Sevilla;Sevilla;Oficinas de farmacia;Privados
0141001065;MORENO BECERRO, SANTIAGO;20394;Andalucía;Sevilla;Sevilla;Oficinas de farmacia;Privados
0141001143;MORENO DOMINGUEZ,RAFAEL;20572;Andalucía;Sevilla;Sevilla;Oficinas de farmacia;Privados
0141000789;MORENO MORALES, JACINTO;19838;Andalucía;Sevilla;Sevilla;Oficinas de farmacia;Privados
0141004397;MORENO PARDO, AMPARO/ MORENO PARDO, CONCEPCION;19938;Andalucía;Sevilla;Sevilla;Oficinas de farmacia;Privados
0141002948;MORENO ROCA, CARMEN;34193;Andalucía;Sevilla;Sevilla;Oficinas de farmacia;Privados
0141005500;MORENTE ALVARO,AMALIA/GARCIA-DELGADO MORENTE,AMALIA;19901;Andalucía;Sevilla;Sevilla;Oficinas de farmacia;Privados
0141000794;MORON GARCIA, MANUELA/ SERRATOSA FERNANDEZ-LLAMAZARES, JOAQUIN;19845;Andalucía;Sevilla;Sevilla;Oficinas de farmacia;Privados
0141005671;MORON LEDRO,ANTONIO;20279;Andalucía;Sevilla;Sevilla;Oficinas de farmacia;Privados
