1046003724;FARMACIA - V/18/F;V/18/F;Comunitat Valenciana;Valencia;València;Oficinas de farmacia;Privados
1046003725;FARMACIA - V/180/F;V/180/F;Comunitat Valenciana;Valencia;València;Oficinas de farmacia;Privados
1046003726;FARMACIA - V/181/F;V/181/F;Comunitat Valenciana;Valencia;València;Oficinas de farmacia;Privados
1046003727;FARMACIA - V/182/F;V/182/F;Comunitat Valenciana;Valencia;València;Oficinas de farmacia;Privados
1046003728;FARMACIA - V/183/F;V/183/F;Comunitat Valenciana;Valencia;València;Oficinas de farmacia;Privados
1046003729;FARMACIA - V/184/F;V/184/F;Comunitat Valenciana;Valencia;València;Oficinas de farmacia;Privados
1046003730;FARMACIA - V/185/F;V/185/F;Comunitat Valenciana;Valencia;València;Oficinas de farmacia;Privados
1046003731;FARMACIA - V/186/F;V/186/F;Comunitat Valenciana;Valencia;València;Oficinas de farmacia;Privados
1046003732;FARMACIA - V/187/F;V/187/F;Comunitat Valenciana;Valencia;València;Oficinas de farmacia;Privados
1046003733;FARMACIA - V/188/F;V/188/F;Comunitat Valenciana;Valencia;València;Oficinas de farmacia;Privados
1046003734;FARMACIA - V/189/F;V/189/F;Comunitat Valenciana;Valencia;València;Oficinas de farmacia;Privados
1046003735;FARMACIA - V/19/F;V/19/F;Comunitat Valenciana;Valencia;València;Oficinas de farmacia;Privados
1046003736;FARMACIA - V/190/F;V/190/F;Comunitat Valenciana;Valencia;València;Oficinas de farmacia;Privados
1046003737;FARMACIA - V/191/F;V/191/F;Comunitat Valenciana;Valencia;València;Oficinas de farmacia;Privados
1046003738;FARMACIA - V/192/F;V/192/F;Comunitat Valenciana;Valencia;València;Oficinas de farmacia;Privados
1046003739;FARMACIA - V/193/F;V/193/F;Comunitat Valenciana;Valencia;València;Oficinas de farmacia;Privados
1046003740;FARMACIA - V/194/F;V/194/F;Comunitat Valenciana;Valencia;València;Oficinas de farmacia;Privados
1046003741;FARMACIA - V/195/F;V/195/F;Comunitat Valenciana;Valencia;València;Oficinas de farmacia;Privados
1046003742;FARMACIA - V/196/F;V/196/F;Comunitat Valenciana;Valencia;València;Oficinas de farmacia;Privados
1046003743;FARMACIA - V/197/F;V/197/F;Comunitat Valenciana;Valencia;València;Oficinas de farmacia;Privados
1046003744;FARMACIA - V/198/F;V/198/F;Comunitat Valenciana;Valencia;València;Oficinas de farmacia;Privados
1046003745;FARMACIA - V/199/F;V/199/F;Comunitat Valenciana;Valencia;València;Oficinas de farmacia;Privados
1046003747;FARMACIA - V/2/F;V/2/F;Comunitat Valenciana;Valencia;València;Oficinas de farmacia;Privados
1046003748;FARMACIA - V/200/F;V/200/F;Comunitat Valenciana;Valencia;València;Oficinas de farmacia;Privados
1046003749;FARMACIA - V/201/F;V/201/F;Comunitat Valenciana;Valencia;València;Oficinas de farmacia;Privados
1046003750;FARMACIA - V/202/F;V/202/F;Comunitat Valenciana;Valencia;València;Oficinas de farmacia;Privados
1046003751;FARMACIA - V/203/F;V/203/F;Comunitat Valenciana;Valencia;València;Oficinas de farmacia;Privados
1046003752;FARMACIA - V/204/F;V/204/F;Comunitat Valenciana;Valencia;València;Oficinas de farmacia;Privados
1046003753;FARMACIA - V/205/F;V/205/F;Comunitat Valenciana;Valencia;València;Oficinas de farmacia;Privados
1046003754;FARMACIA - V/206/F;V/206/F;Comunitat Valenciana;Valencia;València;Oficinas de farmacia;Privados
1046003755;FARMACIA - V/207/F;V/207/F;Comunitat Valenciana;Valencia;València;Oficinas de farmacia;Privados
1046003756;FARMACIA - V/208/F;V/208/F;Comunitat Valenciana;Valencia;València;Oficinas de farmacia;Privados
1046003757;FARMACIA - V/209/F;V/209/F;Comunitat Valenciana;Valencia;València;Oficinas de farmacia;Privados
1046003758;FARMACIA - V/21/F;V/21/F;Comunitat Valenciana;Valencia;València;Oficinas de farmacia;Privados
1046003759;FARMACIA - V/210/F;V/210/F;Comunitat Valenciana;Valencia;València;Oficinas de farmacia;Privados
1046003760;FARMACIA - V/211/F;V/211/F;Comunitat Valenciana;Valencia;València;Oficinas de farmacia;Privados
1046003761;FARMACIA - V/212/F;V/212/F;Comunitat Valenciana;Valencia;València;Oficinas de farmacia;Privados
1046003762;FARMACIA - V/213/F;V/213/F;Comunitat Valenciana;Valencia;València;Oficinas de farmacia;Privados
1046003763;FARMACIA - V/214/F;V/214/F;Comunitat Valenciana;Valencia;València;Oficinas de farmacia;Privados
1046003764;FARMACIA - V/215/F;V/215/F;Comunitat Valenciana;Valencia;València;Oficinas de farmacia;Privados
1046003765;FARMACIA - V/216/F;V/216/F;Comunitat Valenciana;Valencia;València;Oficinas de farmacia;Privados
1046003766;FARMACIA - V/217/F;V/217/F;Comunitat Valenciana;Valencia;València;Oficinas de farmacia;Privados
1046003767;FARMACIA - V/218/F;V/218/F;Comunitat Valenciana;Valencia;València;Oficinas de farmacia;Privados
1046003768;FARMACIA - V/219/F;V/219/F;Comunitat Valenciana;Valencia;València;Oficinas de farmacia;Privados
1046003769;FARMACIA - V/22/F;V/22/F;Comunitat Valenciana;Valencia;València;Oficinas de farmacia;Privados
1046003770;FARMACIA - V/220/F;V/220/F;Comunitat Valenciana;Valencia;València;Oficinas de farmacia;Privados
1046003771;FARMACIA - V/221/F;V/221/F;Comunitat Valenciana;Valencia;València;Oficinas de farmacia;Privados
1046003772;FARMACIA - V/222/F;V/222/F;Comunitat Valenciana;Valencia;València;Oficinas de farmacia;Privados
1046003773;FARMACIA - V/224/F;V/224/F;Comunitat Valenciana;Valencia;València;Oficinas de farmacia;Privados
1046003774;FARMACIA - V/225/F;V/225/F;Comunitat Valenciana;Valencia;València;Oficinas de farmacia;Privados
