1046003388;FARMACIA - V/1/F;V/1/F;Comunitat Valenciana;Valencia;València;Oficinas de farmacia;Privados
1046003389;FARMACIA - V/10/F;V/10/F;Comunitat Valenciana;Valencia;València;Oficinas de farmacia;Privados
1046003390;FARMACIA - V/100/F;V/100/F;Comunitat Valenciana;Valencia;València;Oficinas de farmacia;Privados
1046003401;FARMACIA - V/101/F;V/101/F;Comunitat Valenciana;Valencia;València;Oficinas de farmacia;Privados
1046003412;FARMACIA - V/102/F;V/102/F;Comunitat Valenciana;Valencia;València;Oficinas de farmacia;Privados
1046003422;FARMACIA - V/103/F;V/103/F;Comunitat Valenciana;Valencia;València;Oficinas de farmacia;Privados
1046003432;FARMACIA - V/104/F;V/104/F;Comunitat Valenciana;Valencia;València;Oficinas de farmacia;Privados
1046003441;FARMACIA - V/105/F;V/105/F;Comunitat Valenciana;Valencia;València;Oficinas de farmacia;Privados
1046003448;FARMACIA - V/1058/F;V/1058/F;Comunitat Valenciana;Valencia;València;Oficinas de farmacia;Privados
1046003450;FARMACIA - V/106/F;V/106/F;Comunitat Valenciana;Valencia;València;Oficinas de farmacia;Privados
1046003458;FARMACIA - V/107/F;V/107/F;Comunitat Valenciana;Valencia;València;Oficinas de farmacia;Privados
1046003463;FARMACIA - V/1074/F;V/1074/F;Comunitat Valenciana;Valencia;València;Oficinas de farmacia;Privados
1046003469;FARMACIA - V/108/F;V/108/F;Comunitat Valenciana;Valencia;València;Oficinas de farmacia;Privados
1046003476;FARMACIA - V/109/F;V/109/F;Comunitat Valenciana;Valencia;València;Oficinas de farmacia;Privados
1046003480;FARMACIA - V/1093/F;V/1093/F;Comunitat Valenciana;Valencia;València;Oficinas de farmacia;Privados
1046003485;FARMACIA - V/11/F;V/11/F;Comunitat Valenciana;Valencia;València;Oficinas de farmacia;Privados
1046003486;FARMACIA - V/110/F;V/110/F;Comunitat Valenciana;Valencia;València;Oficinas de farmacia;Privados
1046003494;FARMACIA - V/1108/F;V/1108/F;Comunitat Valenciana;Valencia;València;Oficinas de farmacia;Privados
1046003496;FARMACIA - V/111/F;V/111/F;Comunitat Valenciana;Valencia;València;Oficinas de farmacia;Privados
1046003504;FARMACIA - V/112/F;V/112/F;Comunitat Valenciana;Valencia;València;Oficinas de farmacia;Privados
1046003511;FARMACIA - V/113/F;V/113/F;Comunitat Valenciana;Valencia;València;Oficinas de farmacia;Privados
1046003521;FARMACIA - V/114/F;V/114/F;Comunitat Valenciana;Valencia;València;Oficinas de farmacia;Privados
1046003527;FARMACIA - V/115/F;V/115/F;Comunitat Valenciana;Valencia;València;Oficinas de farmacia;Privados
1046003535;FARMACIA - V/1159/F;V/1159/F;Comunitat Valenciana;Valencia;València;Oficinas de farmacia;Privados
1046003536;FARMACIA - V/116/F;V/116/F;Comunitat Valenciana;Valencia;València;Oficinas de farmacia;Privados
1046003538;FARMACIA - V/1161/F;V/1161/F;Comunitat Valenciana;Valencia;València;Oficinas de farmacia;Privados
1046003546;FARMACIA - V/1169/F;V/1169/F;Comunitat Valenciana;Valencia;València;Oficinas de farmacia;Privados
1046003547;FARMACIA - V/117/F;V/117/F;Comunitat Valenciana;Valencia;València;Oficinas de farmacia;Privados
1046003548;FARMACIA - V/1170/F;V/1170/F;Comunitat Valenciana;Valencia;València;Oficinas de farmacia;Privados
1046003550;FARMACIA - V/1172/F;V/1172/F;Comunitat Valenciana;Valencia;València;Oficinas de farmacia;Privados
1046003555;FARMACIA - V/1177/F;V/1177/F;Comunitat Valenciana;Valencia;València;Oficinas de farmacia;Privados
1046003557;FARMACIA - V/1179/F;V/1179/F;Comunitat Valenciana;Valencia;València;Oficinas de farmacia;Privados
1046003558;FARMACIA - V/118/F;V/118/F;Comunitat Valenciana;Valencia;València;Oficinas de farmacia;Privados
1046003561;FARMACIA - V/1182/F;V/1182/F;Comunitat Valenciana;Valencia;València;Oficinas de farmacia;Privados
1046003569;FARMACIA - V/119/F;V/119/F;Comunitat Valenciana;Valencia;València;Oficinas de farmacia;Privados
1046003579;FARMACIA - V/12/F;V/12/F;Comunitat Valenciana;Valencia;València;Oficinas de farmacia;Privados
1046003580;FARMACIA - V/120/F;V/120/F;Comunitat Valenciana;Valencia;València;Oficinas de farmacia;Privados
1046003591;FARMACIA - V/121/F;V/121/F;Comunitat Valenciana;Valencia;València;Oficinas de farmacia;Privados
1046003602;FARMACIA - V/122/F;V/122/F;Comunitat Valenciana;Valencia;València;Oficinas de farmacia;Privados
1046003608;FARMACIA - V/1225/F;V/1225/F;Comunitat Valenciana;Valencia;València;Oficinas de farmacia;Privados
1046003613;FARMACIA - V/123/F;V/123/F;Comunitat Valenciana;Valencia;València;Oficinas de farmacia;Privados
1046003624;FARMACIA - V/124/F;V/124/F;Comunitat Valenciana;Valencia;València;Oficinas de farmacia;Privados
1046003635;FARMACIA - V/125/F;V/125/F;Comunitat Valenciana;Valencia;València;Oficinas de farmacia;Privados
1046003646;FARMACIA - V/126/F;V/126/F;Comunitat Valenciana;Valencia;València;Oficinas de farmacia;Privados
1046003657;FARMACIA - V/127/F;V/127/F;Comunitat Valenciana;Valencia;València;Oficinas de farmacia;Privados
1046003668;FARMACIA - V/128/F;V/128/F;Comunitat Valenciana;Valencia;València;Oficinas de farmacia;Privados
1046003671;FARMACIA - V/129/F;V/129/F;Comunitat Valenciana;Valencia;València;Oficinas de farmacia;Privados
1046003672;FARMACIA - V/13/F;V/13/F;Comunitat Valenciana;Valencia;València;Oficinas de farmacia;Privados
1046003673;FARMACIA - V/130/F;V/130/F;Comunitat Valenciana;Valencia;València;Oficinas de farmacia;Privados
1046007284;FARMACIA - V/1304/F;V/1304/F;Comunitat Valenciana;Valencia;València;Oficinas de farmacia;Publicos
1046003674;FARMACIA - V/131/F;V/131/F;Comunitat Valenciana;Valencia;València;Oficinas de farmacia;Privados
1046003675;FARMACIA - V/133/F;V/133/F;Comunitat Valenciana;Valencia;València;Oficinas de farmacia;Privados
1046003676;FARMACIA - V/134/F;V/134/F;Comunitat Valenciana;Valencia;València;Oficinas de farmacia;Privados
1046003677;FARMACIA - V/135/F;V/135/F;Comunitat Valenciana;Valencia;València;Oficinas de farmacia;Privados
1046003678;FARMACIA - V/136/F;V/136/F;Comunitat Valenciana;Valencia;València;Oficinas de farmacia;Privados
1046003679;FARMACIA - V/137/F;V/137/F;Comunitat Valenciana;Valencia;València;Oficinas de farmacia;Privados
1046003680;FARMACIA - V/138/F;V/138/F;Comunitat Valenciana;Valencia;València;Oficinas de farmacia;Privados
1046003681;FARMACIA - V/139/F;V/139/F;Comunitat Valenciana;Valencia;València;Oficinas de farmacia;Privados
1046003682;FARMACIA - V/14/F;V/14/F;Comunitat Valenciana;Valencia;València;Oficinas de farmacia;Privados
1046003683;FARMACIA - V/140/F;V/140/F;Comunitat Valenciana;Valencia;València;Oficinas de farmacia;Privados
1046003684;FARMACIA - V/141/F;V/141/F;Comunitat Valenciana;Valencia;València;Oficinas de farmacia;Privados
1046003685;FARMACIA - V/142/F;V/142/F;Comunitat Valenciana;Valencia;València;Oficinas de farmacia;Privados
1046003686;FARMACIA - V/143/F;V/143/F;Comunitat Valenciana;Valencia;València;Oficinas de farmacia;Privados
1046003687;FARMACIA - V/144/F;V/144/F;Comunitat Valenciana;Valencia;València;Oficinas de farmacia;Privados
1046003688;FARMACIA - V/145/F;V/145/F;Comunitat Valenciana;Valencia;València;Oficinas de farmacia;Privados
1046003689;FARMACIA - V/146/F;V/146/F;Comunitat Valenciana;Valencia;València;Oficinas de farmacia;Privados
1046003690;FARMACIA - V/147/F;V/147/F;Comunitat Valenciana;Valencia;València;Oficinas de farmacia;Privados
1046003691;FARMACIA - V/148/F;V/148/F;Comunitat Valenciana;Valencia;València;Oficinas de farmacia;Privados
1046003692;FARMACIA - V/149/F;V/149/F;Comunitat Valenciana;Valencia;València;Oficinas de farmacia;Privados
1046003693;FARMACIA - V/15/F;V/15/F;Comunitat Valenciana;Valencia;València;Oficinas de farmacia;Privados
1046003694;FARMACIA - V/150/F;V/150/F;Comunitat Valenciana;Valencia;València;Oficinas de farmacia;Privados
1046003695;FARMACIA - V/151/F;V/151/F;Comunitat Valenciana;Valencia;València;Oficinas de farmacia;Privados
1046003696;FARMACIA - V/152/F;V/152/F;Comunitat Valenciana;Valencia;València;Oficinas de farmacia;Privados
1046003697;FARMACIA - V/154/F;V/154/F;Comunitat Valenciana;Valencia;València;Oficinas de farmacia;Privados
1046003698;FARMACIA - V/155/F;V/155/F;Comunitat Valenciana;Valencia;València;Oficinas de farmacia;Privados
1046003699;FARMACIA - V/156/F;V/156/F;Comunitat Valenciana;Valencia;València;Oficinas de farmacia;Privados
1046003700;FARMACIA - V/157/F;V/157/F;Comunitat Valenciana;Valencia;València;Oficinas de farmacia;Privados
1046003701;FARMACIA - V/158/F;V/158/F;Comunitat Valenciana;Valencia;València;Oficinas de farmacia;Privados
1046003702;FARMACIA - V/159/F;V/159/F;Comunitat Valenciana;Valencia;València;Oficinas de farmacia;Privados
1046003703;FARMACIA - V/16/F;V/16/F;Comunitat Valenciana;Valencia;València;Oficinas de farmacia;Privados
1046003704;FARMACIA - V/161/F;V/161/F;Comunitat Valenciana;Valencia;València;Oficinas de farmacia;Privados
1046003705;FARMACIA - V/162/F;V/162/F;Comunitat Valenciana;Valencia;València;Oficinas de farmacia;Privados
1046003706;FARMACIA - V/163/F;V/163/F;Comunitat Valenciana;Valencia;València;Oficinas de farmacia;Privados
1046003707;FARMACIA - V/164/F;V/164/F;Comunitat Valenciana;Valencia;València;Oficinas de farmacia;Privados
1046003708;FARMACIA - V/165/F;V/165/F;Comunitat Valenciana;Valencia;València;Oficinas de farmacia;Privados
1046003709;FARMACIA - V/166/F;V/166/F;Comunitat Valenciana;Valencia;València;Oficinas de farmacia;Privados
1046003710;FARMACIA - V/167/F;V/167/F;Comunitat Valenciana;Valencia;València;Oficinas de farmacia;Privados
1046003711;FARMACIA - V/168/F;V/168/F;Comunitat Valenciana;Valencia;València;Oficinas de farmacia;Privados
1046003712;FARMACIA - V/169/F;V/169/F;Comunitat Valenciana;Valencia;València;Oficinas de farmacia;Privados
1046003713;FARMACIA - V/17/F;V/17/F;Comunitat Valenciana;Valencia;València;Oficinas de farmacia;Privados
1046003714;FARMACIA - V/170/F;V/170/F;Comunitat Valenciana;Valencia;València;Oficinas de farmacia;Privados
1046003715;FARMACIA - V/171/F;V/171/F;Comunitat Valenciana;Valencia;València;Oficinas de farmacia;Privados
1046003716;FARMACIA - V/172/F;V/172/F;Comunitat Valenciana;Valencia;València;Oficinas de farmacia;Privados
1046003717;FARMACIA - V/173/F;V/173/F;Comunitat Valenciana;Valencia;València;Oficinas de farmacia;Privados
1046003718;FARMACIA - V/174/F;V/174/F;Comunitat Valenciana;Valencia;València;Oficinas de farmacia;Privados
1046003719;FARMACIA - V/175/F;V/175/F;Comunitat Valenciana;Valencia;València;Oficinas de farmacia;Privados
1046003720;FARMACIA - V/176/F;V/176/F;Comunitat Valenciana;Valencia;València;Oficinas de farmacia;Privados
1046003721;FARMACIA - V/177/F;V/177/F;Comunitat Valenciana;Valencia;València;Oficinas de farmacia;Privados
1046003722;FARMACIA - V/178/F;V/178/F;Comunitat Valenciana;Valencia;València;Oficinas de farmacia;Privados
1046003723;FARMACIA - V/179/F;V/179/F;Comunitat Valenciana;Valencia;València;Oficinas de farmacia;Privados
1046003724;FARMACIA - V/18/F;V/18/F;Comunitat Valenciana;Valencia;València;Oficinas de farmacia;Privados
1046003725;FARMACIA - V/180/F;V/180/F;Comunitat Valenciana;Valencia;València;Oficinas de farmacia;Privados
1046003726;FARMACIA - V/181/F;V/181/F;Comunitat Valenciana;Valencia;València;Oficinas de farmacia;Privados
1046003727;FARMACIA - V/182/F;V/182/F;Comunitat Valenciana;Valencia;València;Oficinas de farmacia;Privados
1046003728;FARMACIA - V/183/F;V/183/F;Comunitat Valenciana;Valencia;València;Oficinas de farmacia;Privados
1046003729;FARMACIA - V/184/F;V/184/F;Comunitat Valenciana;Valencia;València;Oficinas de farmacia;Privados
1046003730;FARMACIA - V/185/F;V/185/F;Comunitat Valenciana;Valencia;València;Oficinas de farmacia;Privados
1046003731;FARMACIA - V/186/F;V/186/F;Comunitat Valenciana;Valencia;València;Oficinas de farmacia;Privados
1046003732;FARMACIA - V/187/F;V/187/F;Comunitat Valenciana;Valencia;València;Oficinas de farmacia;Privados
1046003733;FARMACIA - V/188/F;V/188/F;Comunitat Valenciana;Valencia;València;Oficinas de farmacia;Privados
1046003734;FARMACIA - V/189/F;V/189/F;Comunitat Valenciana;Valencia;València;Oficinas de farmacia;Privados
1046003735;FARMACIA - V/19/F;V/19/F;Comunitat Valenciana;Valencia;València;Oficinas de farmacia;Privados
1046003736;FARMACIA - V/190/F;V/190/F;Comunitat Valenciana;Valencia;València;Oficinas de farmacia;Privados
1046003737;FARMACIA - V/191/F;V/191/F;Comunitat Valenciana;Valencia;València;Oficinas de farmacia;Privados
1046003738;FARMACIA - V/192/F;V/192/F;Comunitat Valenciana;Valencia;València;Oficinas de farmacia;Privados
1046003739;FARMACIA - V/193/F;V/193/F;Comunitat Valenciana;Valencia;València;Oficinas de farmacia;Privados
1046003740;FARMACIA - V/194/F;V/194/F;Comunitat Valenciana;Valencia;València;Oficinas de farmacia;Privados
1046003741;FARMACIA - V/195/F;V/195/F;Comunitat Valenciana;Valencia;València;Oficinas de farmacia;Privados
1046003742;FARMACIA - V/196/F;V/196/F;Comunitat Valenciana;Valencia;València;Oficinas de farmacia;Privados
1046003743;FARMACIA - V/197/F;V/197/F;Comunitat Valenciana;Valencia;València;Oficinas de farmacia;Privados
1046003744;FARMACIA - V/198/F;V/198/F;Comunitat Valenciana;Valencia;València;Oficinas de farmacia;Privados
1046003745;FARMACIA - V/199/F;V/199/F;Comunitat Valenciana;Valencia;València;Oficinas de farmacia;Privados
1046003747;FARMACIA - V/2/F;V/2/F;Comunitat Valenciana;Valencia;València;Oficinas de farmacia;Privados
1046003748;FARMACIA - V/200/F;V/200/F;Comunitat Valenciana;Valencia;València;Oficinas de farmacia;Privados
1046003749;FARMACIA - V/201/F;V/201/F;Comunitat Valenciana;Valencia;València;Oficinas de farmacia;Privados
1046003750;FARMACIA - V/202/F;V/202/F;Comunitat Valenciana;Valencia;València;Oficinas de farmacia;Privados
1046003751;FARMACIA - V/203/F;V/203/F;Comunitat Valenciana;Valencia;València;Oficinas de farmacia;Privados
1046003752;FARMACIA - V/204/F;V/204/F;Comunitat Valenciana;Valencia;València;Oficinas de farmacia;Privados
1046003753;FARMACIA - V/205/F;V/205/F;Comunitat Valenciana;Valencia;València;Oficinas de farmacia;Privados
1046003754;FARMACIA - V/206/F;V/206/F;Comunitat Valenciana;Valencia;València;Oficinas de farmacia;Privados
1046003755;FARMACIA - V/207/F;V/207/F;Comunitat Valenciana;Valencia;València;Oficinas de farmacia;Privados
1046003756;FARMACIA - V/208/F;V/208/F;Comunitat Valenciana;Valencia;València;Oficinas de farmacia;Privados
1046003757;FARMACIA - V/209/F;V/209/F;Comunitat Valenciana;Valencia;València;Oficinas de farmacia;Privados
1046003758;FARMACIA - V/21/F;V/21/F;Comunitat Valenciana;Valencia;València;Oficinas de farmacia;Privados
1046003759;FARMACIA - V/210/F;V/210/F;Comunitat Valenciana;Valencia;València;Oficinas de farmacia;Privados
1046003760;FARMACIA - V/211/F;V/211/F;Comunitat Valenciana;Valencia;València;Oficinas de farmacia;Privados
1046003761;FARMACIA - V/212/F;V/212/F;Comunitat Valenciana;Valencia;València;Oficinas de farmacia;Privados
1046003762;FARMACIA - V/213/F;V/213/F;Comunitat Valenciana;Valencia;València;Oficinas de farmacia;Privados
1046003763;FARMACIA - V/214/F;V/214/F;Comunitat Valenciana;Valencia;València;Oficinas de farmacia;Privados
1046003764;FARMACIA - V/215/F;V/215/F;Comunitat Valenciana;Valencia;València;Oficinas de farmacia;Privados
1046003765;FARMACIA - V/216/F;V/216/F;Comunitat Valenciana;Valencia;València;Oficinas de farmacia;Privados
1046003766;FARMACIA - V/217/F;V/217/F;Comunitat Valenciana;Valencia;València;Oficinas de farmacia;Privados
1046003767;FARMACIA - V/218/F;V/218/F;Comunitat Valenciana;Valencia;València;Oficinas de farmacia;Privados
1046003768;FARMACIA - V/219/F;V/219/F;Comunitat Valenciana;Valencia;València;Oficinas de farmacia;Privados
1046003769;FARMACIA - V/22/F;V/22/F;Comunitat Valenciana;Valencia;València;Oficinas de farmacia;Privados
1046003770;FARMACIA - V/220/F;V/220/F;Comunitat Valenciana;Valencia;València;Oficinas de farmacia;Privados
1046003771;FARMACIA - V/221/F;V/221/F;Comunitat Valenciana;Valencia;València;Oficinas de farmacia;Privados
1046003772;FARMACIA - V/222/F;V/222/F;Comunitat Valenciana;Valencia;València;Oficinas de farmacia;Privados
1046003773;FARMACIA - V/224/F;V/224/F;Comunitat Valenciana;Valencia;València;Oficinas de farmacia;Privados
1046003774;FARMACIA - V/225/F;V/225/F;Comunitat Valenciana;Valencia;València;Oficinas de farmacia;Privados
1046003775;FARMACIA - V/226/F;V/226/F;Comunitat Valenciana;Valencia;València;Oficinas de farmacia;Privados
1046003776;FARMACIA - V/227/F;V/227/F;Comunitat Valenciana;Valencia;València;Oficinas de farmacia;Privados
1046003777;FARMACIA - V/228/F;V/228/F;Comunitat Valenciana;Valencia;València;Oficinas de farmacia;Privados
1046003778;FARMACIA - V/229/F;V/229/F;Comunitat Valenciana;Valencia;València;Oficinas de farmacia;Privados
1046003779;FARMACIA - V/23/F;V/23/F;Comunitat Valenciana;Valencia;València;Oficinas de farmacia;Privados
1046003780;FARMACIA - V/230/F;V/230/F;Comunitat Valenciana;Valencia;València;Oficinas de farmacia;Privados
1046003781;FARMACIA - V/231/F;V/231/F;Comunitat Valenciana;Valencia;València;Oficinas de farmacia;Privados
1046003782;FARMACIA - V/232/F;V/232/F;Comunitat Valenciana;Valencia;València;Oficinas de farmacia;Privados
1046003783;FARMACIA - V/233/F;V/233/F;Comunitat Valenciana;Valencia;València;Oficinas de farmacia;Privados
1046003784;FARMACIA - V/234/F;V/234/F;Comunitat Valenciana;Valencia;València;Oficinas de farmacia;Privados
1046003785;FARMACIA - V/235/F;V/235/F;Comunitat Valenciana;Valencia;València;Oficinas de farmacia;Privados
1046003786;FARMACIA - V/236/F;V/236/F;Comunitat Valenciana;Valencia;València;Oficinas de farmacia;Privados
1046003787;FARMACIA - V/237/F;V/237/F;Comunitat Valenciana;Valencia;València;Oficinas de farmacia;Privados
1046003788;FARMACIA - V/238/F;V/238/F;Comunitat Valenciana;Valencia;València;Oficinas de farmacia;Privados
1046003789;FARMACIA - V/239/F;V/239/F;Comunitat Valenciana;Valencia;València;Oficinas de farmacia;Privados
1046003790;FARMACIA - V/24/F;V/24/F;Comunitat Valenciana;Valencia;València;Oficinas de farmacia;Privados
1046003791;FARMACIA - V/240/F;V/240/F;Comunitat Valenciana;Valencia;València;Oficinas de farmacia;Privados
1046003792;FARMACIA - V/241/F;V/241/F;Comunitat Valenciana;Valencia;València;Oficinas de farmacia;Privados
1046003793;FARMACIA - V/242/F;V/242/F;Comunitat Valenciana;Valencia;València;Oficinas de farmacia;Privados
1046003794;FARMACIA - V/243/F;V/243/F;Comunitat Valenciana;Valencia;València;Oficinas de farmacia;Privados
1046003795;FARMACIA - V/244/F;V/244/F;Comunitat Valenciana;Valencia;València;Oficinas de farmacia;Privados
1046003796;FARMACIA - V/245/F;V/245/F;Comunitat Valenciana;Valencia;València;Oficinas de farmacia;Privados
1046003797;FARMACIA - V/246/F;V/246/F;Comunitat Valenciana;Valencia;València;Oficinas de farmacia;Privados
1046003798;FARMACIA - V/247/F;V/247/F;Comunitat Valenciana;Valencia;València;Oficinas de farmacia;Privados
1046003799;FARMACIA - V/248/F;V/248/F;Comunitat Valenciana;Valencia;València;Oficinas de farmacia;Privados
1046003800;FARMACIA - V/249/F;V/249/F;Comunitat Valenciana;Valencia;València;Oficinas de farmacia;Privados
1046003801;FARMACIA - V/25/F;V/25/F;Comunitat Valenciana;Valencia;València;Oficinas de farmacia;Privados
1046003802;FARMACIA - V/250/F;V/250/F;Comunitat Valenciana;Valencia;València;Oficinas de farmacia;Privados
1046003803;FARMACIA - V/251/F;V/251/F;Comunitat Valenciana;Valencia;València;Oficinas de farmacia;Privados
1046003804;FARMACIA - V/252/F;V/252/F;Comunitat Valenciana;Valencia;València;Oficinas de farmacia;Privados
1046003805;FARMACIA - V/254/F;V/254/F;Comunitat Valenciana;Valencia;València;Oficinas de farmacia;Privados
1046003806;FARMACIA - V/255/F;V/255/F;Comunitat Valenciana;Valencia;València;Oficinas de farmacia;Privados
1046003807;FARMACIA - V/256/F;V/256/F;Comunitat Valenciana;Valencia;València;Oficinas de farmacia;Privados
1046003808;FARMACIA - V/257/F;V/257/F;Comunitat Valenciana;Valencia;València;Oficinas de farmacia;Privados
1046003809;FARMACIA - V/258/F;V/258/F;Comunitat Valenciana;Valencia;València;Oficinas de farmacia;Privados
1046003810;FARMACIA - V/259/F;V/259/F;Comunitat Valenciana;Valencia;València;Oficinas de farmacia;Privados
1046003811;FARMACIA - V/26/F;V/26/F;Comunitat Valenciana;Valencia;València;Oficinas de farmacia;Privados
1046003812;FARMACIA - V/260/F;V/260/F;Comunitat Valenciana;Valencia;València;Oficinas de farmacia;Privados
1046003813;FARMACIA - V/261/F;V/261/F;Comunitat Valenciana;Valencia;València;Oficinas de farmacia;Privados
1046003814;FARMACIA - V/262/F;V/262/F;Comunitat Valenciana;Valencia;València;Oficinas de farmacia;Privados
1046003815;FARMACIA - V/263/F;V/263/F;Comunitat Valenciana;Valencia;València;Oficinas de farmacia;Privados
1046003816;FARMACIA - V/264/F;V/264/F;Comunitat Valenciana;Valencia;València;Oficinas de farmacia;Privados
1046003817;FARMACIA - V/266/F;V/266/F;Comunitat Valenciana;Valencia;València;Oficinas de farmacia;Privados
1046003818;FARMACIA - V/267/F;V/267/F;Comunitat Valenciana;Valencia;València;Oficinas de farmacia;Privados
1046003819;FARMACIA - V/268/F;V/268/F;Comunitat Valenciana;Valencia;València;Oficinas de farmacia;Privados
1046003820;FARMACIA - V/269/F;V/269/F;Comunitat Valenciana;Valencia;València;Oficinas de farmacia;Privados
1046003821;FARMACIA - V/27/F;V/27/F;Comunitat Valenciana;Valencia;València;Oficinas de farmacia;Privados
1046003822;FARMACIA - V/270/F;V/270/F;Comunitat Valenciana;Valencia;València;Oficinas de farmacia;Privados
1046003823;FARMACIA - V/271/F;V/271/F;Comunitat Valenciana;Valencia;València;Oficinas de farmacia;Privados
1046003824;FARMACIA - V/272/F;V/272/F;Comunitat Valenciana;Valencia;València;Oficinas de farmacia;Privados
1046003825;FARMACIA - V/273/F;V/273/F;Comunitat Valenciana;Valencia;València;Oficinas de farmacia;Privados
1046003826;FARMACIA - V/274/F;V/274/F;Comunitat Valenciana;Valencia;València;Oficinas de farmacia;Privados
1046003827;FARMACIA - V/275/F;V/275/F;Comunitat Valenciana;Valencia;València;Oficinas de farmacia;Privados
1046003828;FARMACIA - V/276/F;V/276/F;Comunitat Valenciana;Valencia;València;Oficinas de farmacia;Privados
1046003829;FARMACIA - V/277/F;V/277/F;Comunitat Valenciana;Valencia;València;Oficinas de farmacia;Privados
1046003830;FARMACIA - V/278/F;V/278/F;Comunitat Valenciana;Valencia;València;Oficinas de farmacia;Privados
1046003831;FARMACIA - V/279/F;V/279/F;Comunitat Valenciana;Valencia;València;Oficinas de farmacia;Privados
1046003832;FARMACIA - V/28/F;V/28/F;Comunitat Valenciana;Valencia;València;Oficinas de farmacia;Privados
1046003833;FARMACIA - V/280/F;V/280/F;Comunitat Valenciana;Valencia;València;Oficinas de farmacia;Privados
1046003834;FARMACIA - V/281/F;V/281/F;Comunitat Valenciana;Valencia;València;Oficinas de farmacia;Privados
1046003835;FARMACIA - V/282/F;V/282/F;Comunitat Valenciana;Valencia;València;Oficinas de farmacia;Privados
1046003836;FARMACIA - V/283/F;V/283/F;Comunitat Valenciana;Valencia;València;Oficinas de farmacia;Privados
1046003837;FARMACIA - V/284/F;V/284/F;Comunitat Valenciana;Valencia;València;Oficinas de farmacia;Privados
1046003838;FARMACIA - V/285/F;V/285/F;Comunitat Valenciana;Valencia;València;Oficinas de farmacia;Privados
1046003839;FARMACIA - V/286/F;V/286/F;Comunitat Valenciana;Valencia;València;Oficinas de farmacia;Privados
1046003840;FARMACIA - V/287/F;V/287/F;Comunitat Valenciana;Valencia;València;Oficinas de farmacia;Privados
1046003841;FARMACIA - V/288/F;V/288/F;Comunitat Valenciana;Valencia;València;Oficinas de farmacia;Privados
1046003842;FARMACIA - V/289/F;V/289/F;Comunitat Valenciana;Valencia;València;Oficinas de farmacia;Privados
1046003843;FARMACIA - V/290/F;V/290/F;Comunitat Valenciana;Valencia;València;Oficinas de farmacia;Privados
1046003844;FARMACIA - V/291/F;V/291/F;Comunitat Valenciana;Valencia;València;Oficinas de farmacia;Privados
1046003845;FARMACIA - V/292/F;V/292/F;Comunitat Valenciana;Valencia;València;Oficinas de farmacia;Privados
1046003846;FARMACIA - V/293/F;V/293/F;Comunitat Valenciana;Valencia;València;Oficinas de farmacia;Privados
1046003847;FARMACIA - V/294/F;V/294/F;Comunitat Valenciana;Valencia;València;Oficinas de farmacia;Privados
1046003848;FARMACIA - V/295/F;V/295/F;Comunitat Valenciana;Valencia;València;Oficinas de farmacia;Privados
1046003849;FARMACIA - V/296/F;V/296/F;Comunitat Valenciana;Valencia;València;Oficinas de farmacia;Privados
1046003850;FARMACIA - V/297/F;V/297/F;Comunitat Valenciana;Valencia;València;Oficinas de farmacia;Privados
1046003851;FARMACIA - V/298/F;V/298/F;Comunitat Valenciana;Valencia;València;Oficinas de farmacia;Privados
1046003852;FARMACIA - V/299/F;V/299/F;Comunitat Valenciana;Valencia;València;Oficinas de farmacia;Privados
1046003853;FARMACIA - V/3/F;V/3/F;Comunitat Valenciana;Valencia;València;Oficinas de farmacia;Privados
1046003854;FARMACIA - V/30/F;V/30/F;Comunitat Valenciana;Valencia;València;Oficinas de farmacia;Privados
1046003855;FARMACIA - V/300/F;V/300/F;Comunitat Valenciana;Valencia;València;Oficinas de farmacia;Privados
1046003856;FARMACIA - V/301/F;V/301/F;Comunitat Valenciana;Valencia;València;Oficinas de farmacia;Privados
1046003857;FARMACIA - V/302/F;V/302/F;Comunitat Valenciana;Valencia;València;Oficinas de farmacia;Privados
1046003858;FARMACIA - V/303/F;V/303/F;Comunitat Valenciana;Valencia;València;Oficinas de farmacia;Privados
1046003859;FARMACIA - V/304/F;V/304/F;Comunitat Valenciana;Valencia;València;Oficinas de farmacia;Privados
1046003860;FARMACIA - V/305/F;V/305/F;Comunitat Valenciana;Valencia;València;Oficinas de farmacia;Privados
1046003861;FARMACIA - V/306/F;V/306/F;Comunitat Valenciana;Valencia;València;Oficinas de farmacia;Privados
1046003862;FARMACIA - V/307/F;V/307/F;Comunitat Valenciana;Valencia;València;Oficinas de farmacia;Privados
1046003863;FARMACIA - V/308/F;V/308/F;Comunitat Valenciana;Valencia;València;Oficinas de farmacia;Privados
1046003864;FARMACIA - V/309/F;V/309/F;Comunitat Valenciana;Valencia;València;Oficinas de farmacia;Privados
1046003865;FARMACIA - V/31/F;V/31/F;Comunitat Valenciana;Valencia;València;Oficinas de farmacia;Privados
1046003866;FARMACIA - V/310/F;V/310/F;Comunitat Valenciana;Valencia;València;Oficinas de farmacia;Privados
1046003867;FARMACIA - V/311/F;V/311/F;Comunitat Valenciana;Valencia;València;Oficinas de farmacia;Privados
1046003868;FARMACIA - V/312/F;V/312/F;Comunitat Valenciana;Valencia;València;Oficinas de farmacia;Privados
1046003875;FARMACIA - V/32/F;V/32/F;Comunitat Valenciana;Valencia;València;Oficinas de farmacia;Privados
1046003886;FARMACIA - V/33/F;V/33/F;Comunitat Valenciana;Valencia;València;Oficinas de farmacia;Privados
1046003896;FARMACIA - V/34/F;V/34/F;Comunitat Valenciana;Valencia;València;Oficinas de farmacia;Privados
1046003907;FARMACIA - V/35/F;V/35/F;Comunitat Valenciana;Valencia;València;Oficinas de farmacia;Privados
1046003918;FARMACIA - V/36/F;V/36/F;Comunitat Valenciana;Valencia;València;Oficinas de farmacia;Privados
1046003929;FARMACIA - V/37/F;V/37/F;Comunitat Valenciana;Valencia;València;Oficinas de farmacia;Privados
1046003940;FARMACIA - V/38/F;V/38/F;Comunitat Valenciana;Valencia;València;Oficinas de farmacia;Privados
1046003951;FARMACIA - V/39/F;V/39/F;Comunitat Valenciana;Valencia;València;Oficinas de farmacia;Privados
1046003963;FARMACIA - V/4/F;V/4/F;Comunitat Valenciana;Valencia;València;Oficinas de farmacia;Privados
1046003964;FARMACIA - V/40/F;V/40/F;Comunitat Valenciana;Valencia;València;Oficinas de farmacia;Privados
1046003974;FARMACIA - V/41/F;V/41/F;Comunitat Valenciana;Valencia;València;Oficinas de farmacia;Privados
1046003985;FARMACIA - V/42/F;V/42/F;Comunitat Valenciana;Valencia;València;Oficinas de farmacia;Privados
1046003995;FARMACIA - V/43/F;V/43/F;Comunitat Valenciana;Valencia;València;Oficinas de farmacia;Privados
1046004005;FARMACIA - V/44/F;V/44/F;Comunitat Valenciana;Valencia;València;Oficinas de farmacia;Privados
1046004016;FARMACIA - V/45/F;V/45/F;Comunitat Valenciana;Valencia;València;Oficinas de farmacia;Privados
1046004027;FARMACIA - V/46/F;V/46/F;Comunitat Valenciana;Valencia;València;Oficinas de farmacia;Privados
1046004038;FARMACIA - V/47/F;V/47/F;Comunitat Valenciana;Valencia;València;Oficinas de farmacia;Privados
1046004049;FARMACIA - V/48/F;V/48/F;Comunitat Valenciana;Valencia;València;Oficinas de farmacia;Privados
1046004059;FARMACIA - V/49/F;V/49/F;Comunitat Valenciana;Valencia;València;Oficinas de farmacia;Privados
1046004070;FARMACIA - V/5/F;V/5/F;Comunitat Valenciana;Valencia;València;Oficinas de farmacia;Privados
1046004071;FARMACIA - V/50/F;V/50/F;Comunitat Valenciana;Valencia;València;Oficinas de farmacia;Privados
1046004090;FARMACIA - V/52/F;V/52/F;Comunitat Valenciana;Valencia;València;Oficinas de farmacia;Privados
1046004101;FARMACIA - V/53/F;V/53/F;Comunitat Valenciana;Valencia;València;Oficinas de farmacia;Privados
1046004112;FARMACIA - V/54/F;V/54/F;Comunitat Valenciana;Valencia;València;Oficinas de farmacia;Privados
1046004123;FARMACIA - V/55/F;V/55/F;Comunitat Valenciana;Valencia;València;Oficinas de farmacia;Privados
1046004134;FARMACIA - V/56/F;V/56/F;Comunitat Valenciana;Valencia;València;Oficinas de farmacia;Privados
1046004144;FARMACIA - V/57/F;V/57/F;Comunitat Valenciana;Valencia;València;Oficinas de farmacia;Privados
1046004155;FARMACIA - V/58/F;V/58/F;Comunitat Valenciana;Valencia;València;Oficinas de farmacia;Privados
1046004166;FARMACIA - V/59/F;V/59/F;Comunitat Valenciana;Valencia;València;Oficinas de farmacia;Privados
1046004178;FARMACIA - V/6/F;V/6/F;Comunitat Valenciana;Valencia;València;Oficinas de farmacia;Privados
1046004179;FARMACIA - V/60/F;V/60/F;Comunitat Valenciana;Valencia;València;Oficinas de farmacia;Privados
1046004190;FARMACIA - V/61/F;V/61/F;Comunitat Valenciana;Valencia;València;Oficinas de farmacia;Privados
1046004201;FARMACIA - V/62/F;V/62/F;Comunitat Valenciana;Valencia;València;Oficinas de farmacia;Privados
1046004205;FARMACIA - V/623/F;V/623/F;Comunitat Valenciana;Valencia;València;Oficinas de farmacia;Privados
1046004208;FARMACIA - V/626/F;V/626/F;Comunitat Valenciana;Valencia;València;Oficinas de farmacia;Privados
1046004209;FARMACIA - V/627/F;V/627/F;Comunitat Valenciana;Valencia;València;Oficinas de farmacia;Privados
1046004210;FARMACIA - V/628/F;V/628/F;Comunitat Valenciana;Valencia;València;Oficinas de farmacia;Privados
1046004211;FARMACIA - V/629/F;V/629/F;Comunitat Valenciana;Valencia;València;Oficinas de farmacia;Privados
1046004212;FARMACIA - V/63/F;V/63/F;Comunitat Valenciana;Valencia;València;Oficinas de farmacia;Privados
1046004213;FARMACIA - V/630/F;V/630/F;Comunitat Valenciana;Valencia;València;Oficinas de farmacia;Privados
1046004214;FARMACIA - V/631/F;V/631/F;Comunitat Valenciana;Valencia;València;Oficinas de farmacia;Privados
1046004215;FARMACIA - V/632/F;V/632/F;Comunitat Valenciana;Valencia;València;Oficinas de farmacia;Privados
1046004216;FARMACIA - V/633/F;V/633/F;Comunitat Valenciana;Valencia;València;Oficinas de farmacia;Privados
1046004217;FARMACIA - V/634/F;V/634/F;Comunitat Valenciana;Valencia;València;Oficinas de farmacia;Privados
1046004218;FARMACIA - V/635/F;V/635/F;Comunitat Valenciana;Valencia;València;Oficinas de farmacia;Privados
1046004220;FARMACIA - V/637/F;V/637/F;Comunitat Valenciana;Valencia;València;Oficinas de farmacia;Privados
1046004221;FARMACIA - V/638/F;V/638/F;Comunitat Valenciana;Valencia;València;Oficinas de farmacia;Privados
1046004222;FARMACIA - V/639/F;V/639/F;Comunitat Valenciana;Valencia;València;Oficinas de farmacia;Privados
1046004223;FARMACIA - V/64/F;V/64/F;Comunitat Valenciana;Valencia;València;Oficinas de farmacia;Privados
1046004224;FARMACIA - V/640/F;V/640/F;Comunitat Valenciana;Valencia;València;Oficinas de farmacia;Privados
1046004225;FARMACIA - V/641/F;V/641/F;Comunitat Valenciana;Valencia;València;Oficinas de farmacia;Privados
1046004226;FARMACIA - V/642/F;V/642/F;Comunitat Valenciana;Valencia;València;Oficinas de farmacia;Privados
1046004227;FARMACIA - V/643/F;V/643/F;Comunitat Valenciana;Valencia;València;Oficinas de farmacia;Privados
1046004233;FARMACIA - V/65/F;V/65/F;Comunitat Valenciana;Valencia;València;Oficinas de farmacia;Privados
1046004244;FARMACIA - V/66/F;V/66/F;Comunitat Valenciana;Valencia;València;Oficinas de farmacia;Privados
1046004251;FARMACIA - V/666/F;V/666/F;Comunitat Valenciana;Valencia;València;Oficinas de farmacia;Privados
1046004253;FARMACIA - V/668/F;V/668/F;Comunitat Valenciana;Valencia;València;Oficinas de farmacia;Privados
1046004254;FARMACIA - V/669/F;V/669/F;Comunitat Valenciana;Valencia;València;Oficinas de farmacia;Privados
1046004255;FARMACIA - V/67/F;V/67/F;Comunitat Valenciana;Valencia;València;Oficinas de farmacia;Privados
1046004257;FARMACIA - V/671/F;V/671/F;Comunitat Valenciana;Valencia;València;Oficinas de farmacia;Privados
1046004260;FARMACIA - V/674/F;V/674/F;Comunitat Valenciana;Valencia;València;Oficinas de farmacia;Privados
1046004261;FARMACIA - V/675/F;V/675/F;Comunitat Valenciana;Valencia;València;Oficinas de farmacia;Privados
1046004262;FARMACIA - V/676/F;V/676/F;Comunitat Valenciana;Valencia;València;Oficinas de farmacia;Privados
1046004263;FARMACIA - V/677/F;V/677/F;Comunitat Valenciana;Valencia;València;Oficinas de farmacia;Privados
1046004265;FARMACIA - V/679/F;V/679/F;Comunitat Valenciana;Valencia;València;Oficinas de farmacia;Privados
1046004266;FARMACIA - V/68/F;V/68/F;Comunitat Valenciana;Valencia;València;Oficinas de farmacia;Privados
1046004267;FARMACIA - V/680/F;V/680/F;Comunitat Valenciana;Valencia;València;Oficinas de farmacia;Privados
1046004269;FARMACIA - V/682/F;V/682/F;Comunitat Valenciana;Valencia;València;Oficinas de farmacia;Privados
1046004270;FARMACIA - V/683/F;V/683/F;Comunitat Valenciana;Valencia;València;Oficinas de farmacia;Privados
1046004271;FARMACIA - V/684/F;V/684/F;Comunitat Valenciana;Valencia;València;Oficinas de farmacia;Privados
1046004273;FARMACIA - V/686/F;V/686/F;Comunitat Valenciana;Valencia;València;Oficinas de farmacia;Privados
1046004274;FARMACIA - V/687/F;V/687/F;Comunitat Valenciana;Valencia;València;Oficinas de farmacia;Privados
1046004275;FARMACIA - V/688/F;V/688/F;Comunitat Valenciana;Valencia;València;Oficinas de farmacia;Privados
1046004276;FARMACIA - V/689/F;V/689/F;Comunitat Valenciana;Valencia;València;Oficinas de farmacia;Privados
1046004277;FARMACIA - V/69/F;V/69/F;Comunitat Valenciana;Valencia;València;Oficinas de farmacia;Privados
1046004278;FARMACIA - V/690/F;V/690/F;Comunitat Valenciana;Valencia;València;Oficinas de farmacia;Privados
1046004279;FARMACIA - V/691/F;V/691/F;Comunitat Valenciana;Valencia;València;Oficinas de farmacia;Privados
1046004280;FARMACIA - V/692/F;V/692/F;Comunitat Valenciana;Valencia;València;Oficinas de farmacia;Privados
1046004283;FARMACIA - V/695/F;V/695/F;Comunitat Valenciana;Valencia;València;Oficinas de farmacia;Privados
1046004284;FARMACIA - V/696/F;V/696/F;Comunitat Valenciana;Valencia;València;Oficinas de farmacia;Privados
1046004285;FARMACIA - V/697/F;V/697/F;Comunitat Valenciana;Valencia;València;Oficinas de farmacia;Privados
1046004286;FARMACIA - V/698/F;V/698/F;Comunitat Valenciana;Valencia;València;Oficinas de farmacia;Privados
1046004287;FARMACIA - V/699/F;V/699/F;Comunitat Valenciana;Valencia;València;Oficinas de farmacia;Privados
1046004289;FARMACIA - V/7/F;V/7/F;Comunitat Valenciana;Valencia;València;Oficinas de farmacia;Privados
1046004290;FARMACIA - V/70/F;V/70/F;Comunitat Valenciana;Valencia;València;Oficinas de farmacia;Privados
1046004291;FARMACIA - V/700/F;V/700/F;Comunitat Valenciana;Valencia;València;Oficinas de farmacia;Privados
1046004293;FARMACIA - V/702/F;V/702/F;Comunitat Valenciana;Valencia;València;Oficinas de farmacia;Privados
1046004294;FARMACIA - V/703/F;V/703/F;Comunitat Valenciana;Valencia;València;Oficinas de farmacia;Privados
1046004295;FARMACIA - V/704/F;V/704/F;Comunitat Valenciana;Valencia;València;Oficinas de farmacia;Privados
1046004296;FARMACIA - V/705/F;V/705/F;Comunitat Valenciana;Valencia;València;Oficinas de farmacia;Privados
1046004297;FARMACIA - V/706/F;V/706/F;Comunitat Valenciana;Valencia;València;Oficinas de farmacia;Privados
1046004298;FARMACIA - V/707/F;V/707/F;Comunitat Valenciana;Valencia;València;Oficinas de farmacia;Privados
1046004300;FARMACIA - V/71/F;V/71/F;Comunitat Valenciana;Valencia;València;Oficinas de farmacia;Privados
1046004308;FARMACIA - V/72/F;V/72/F;Comunitat Valenciana;Valencia;València;Oficinas de farmacia;Privados
1046004312;FARMACIA - V/723/F;V/723/F;Comunitat Valenciana;Valencia;València;Oficinas de farmacia;Privados
1046004317;FARMACIA - V/728/F;V/728/F;Comunitat Valenciana;Valencia;València;Oficinas de farmacia;Privados
1046004319;FARMACIA - V/73/F;V/73/F;Comunitat Valenciana;Valencia;València;Oficinas de farmacia;Privados
1046004325;FARMACIA - V/736/F;V/736/F;Comunitat Valenciana;Valencia;València;Oficinas de farmacia;Privados
1046004327;FARMACIA - V/738/F;V/738/F;Comunitat Valenciana;Valencia;València;Oficinas de farmacia;Privados
1046004329;FARMACIA - V/74/F;V/74/F;Comunitat Valenciana;Valencia;València;Oficinas de farmacia;Privados
1046004334;FARMACIA - V/745/F;V/745/F;Comunitat Valenciana;Valencia;València;Oficinas de farmacia;Privados
1046004337;FARMACIA - V/748/F;V/748/F;Comunitat Valenciana;Valencia;València;Oficinas de farmacia;Privados
1046004339;FARMACIA - V/75/F;V/75/F;Comunitat Valenciana;Valencia;València;Oficinas de farmacia;Privados
1046004341;FARMACIA - V/751/F;V/751/F;Comunitat Valenciana;Valencia;València;Oficinas de farmacia;Privados
1046004343;FARMACIA - V/753/F;V/753/F;Comunitat Valenciana;Valencia;València;Oficinas de farmacia;Privados
1046004344;FARMACIA - V/754/F;V/754/F;Comunitat Valenciana;Valencia;València;Oficinas de farmacia;Privados
1046004346;FARMACIA - V/757/F;V/757/F;Comunitat Valenciana;Valencia;València;Oficinas de farmacia;Privados
1046004347;FARMACIA - V/758/F;V/758/F;Comunitat Valenciana;Valencia;València;Oficinas de farmacia;Privados
1046004348;FARMACIA - V/759/F;V/759/F;Comunitat Valenciana;Valencia;València;Oficinas de farmacia;Privados
1046004349;FARMACIA - V/76/F;V/76/F;Comunitat Valenciana;Valencia;València;Oficinas de farmacia;Privados
1046004350;FARMACIA - V/760/F;V/760/F;Comunitat Valenciana;Valencia;València;Oficinas de farmacia;Privados
1046004351;FARMACIA - V/761/F;V/761/F;Comunitat Valenciana;Valencia;València;Oficinas de farmacia;Privados
1046004352;FARMACIA - V/762/F;V/762/F;Comunitat Valenciana;Valencia;València;Oficinas de farmacia;Privados
1046004353;FARMACIA - V/763/F;V/763/F;Comunitat Valenciana;Valencia;València;Oficinas de farmacia;Privados
1046004354;FARMACIA - V/764/F;V/764/F;Comunitat Valenciana;Valencia;València;Oficinas de farmacia;Privados
1046004355;FARMACIA - V/765/F;V/765/F;Comunitat Valenciana;Valencia;València;Oficinas de farmacia;Privados
1046004357;FARMACIA - V/767/F;V/767/F;Comunitat Valenciana;Valencia;València;Oficinas de farmacia;Privados
1046004359;FARMACIA - V/769/F;V/769/F;Comunitat Valenciana;Valencia;València;Oficinas de farmacia;Privados
1046004360;FARMACIA - V/77/F;V/77/F;Comunitat Valenciana;Valencia;València;Oficinas de farmacia;Privados
1046004361;FARMACIA - V/770/F;V/770/F;Comunitat Valenciana;Valencia;València;Oficinas de farmacia;Privados
1046004362;FARMACIA - V/771/F;V/771/F;Comunitat Valenciana;Valencia;València;Oficinas de farmacia;Privados
1046004363;FARMACIA - V/772/F;V/772/F;Comunitat Valenciana;Valencia;València;Oficinas de farmacia;Privados
1046004366;FARMACIA - V/775/F;V/775/F;Comunitat Valenciana;Valencia;València;Oficinas de farmacia;Privados
1046004367;FARMACIA - V/776/F;V/776/F;Comunitat Valenciana;Valencia;València;Oficinas de farmacia;Privados
1046004368;FARMACIA - V/777/F;V/777/F;Comunitat Valenciana;Valencia;València;Oficinas de farmacia;Privados
1046004369;FARMACIA - V/778/F;V/778/F;Comunitat Valenciana;Valencia;València;Oficinas de farmacia;Privados
1046004370;FARMACIA - V/779/F;V/779/F;Comunitat Valenciana;Valencia;València;Oficinas de farmacia;Privados
1046004371;FARMACIA - V/78/F;V/78/F;Comunitat Valenciana;Valencia;València;Oficinas de farmacia;Privados
1046004372;FARMACIA - V/780/F;V/780/F;Comunitat Valenciana;Valencia;València;Oficinas de farmacia;Privados
1046004374;FARMACIA - V/782/F;V/782/F;Comunitat Valenciana;Valencia;València;Oficinas de farmacia;Privados
1046004375;FARMACIA - V/783/F;V/783/F;Comunitat Valenciana;Valencia;València;Oficinas de farmacia;Privados
1046004377;FARMACIA - V/785/F;V/785/F;Comunitat Valenciana;Valencia;València;Oficinas de farmacia;Privados
1046004378;FARMACIA - V/786/F;V/786/F;Comunitat Valenciana;Valencia;València;Oficinas de farmacia;Privados
1046004379;FARMACIA - V/787/F;V/787/F;Comunitat Valenciana;Valencia;València;Oficinas de farmacia;Privados
1046004380;FARMACIA - V/788/F;V/788/F;Comunitat Valenciana;Valencia;València;Oficinas de farmacia;Privados
1046004382;FARMACIA - V/79/F;V/79/F;Comunitat Valenciana;Valencia;València;Oficinas de farmacia;Privados
1046004383;FARMACIA - V/790/F;V/790/F;Comunitat Valenciana;Valencia;València;Oficinas de farmacia;Privados
1046004386;FARMACIA - V/793/F;V/793/F;Comunitat Valenciana;Valencia;València;Oficinas de farmacia;Privados
1046004389;FARMACIA - V/796/F;V/796/F;Comunitat Valenciana;Valencia;València;Oficinas de farmacia;Privados
1046004390;FARMACIA - V/797/F;V/797/F;Comunitat Valenciana;Valencia;València;Oficinas de farmacia;Privados
1046004391;FARMACIA - V/798/F;V/798/F;Comunitat Valenciana;Valencia;València;Oficinas de farmacia;Privados
1046004392;FARMACIA - V/799/F;V/799/F;Comunitat Valenciana;Valencia;València;Oficinas de farmacia;Privados
1046004394;FARMACIA - V/8/F;V/8/F;Comunitat Valenciana;Valencia;València;Oficinas de farmacia;Privados
1046004395;FARMACIA - V/80/F;V/80/F;Comunitat Valenciana;Valencia;València;Oficinas de farmacia;Privados
1046004397;FARMACIA - V/801/F;V/801/F;Comunitat Valenciana;Valencia;València;Oficinas de farmacia;Privados
1046004398;FARMACIA - V/803/F;V/803/F;Comunitat Valenciana;Valencia;València;Oficinas de farmacia;Privados
1046004399;FARMACIA - V/804/F;V/804/F;Comunitat Valenciana;Valencia;València;Oficinas de farmacia;Privados
1046004401;FARMACIA - V/806/F;V/806/F;Comunitat Valenciana;Valencia;València;Oficinas de farmacia;Privados
1046004402;FARMACIA - V/807/F;V/807/F;Comunitat Valenciana;Valencia;València;Oficinas de farmacia;Privados
1046004405;FARMACIA - V/81/F;V/81/F;Comunitat Valenciana;Valencia;València;Oficinas de farmacia;Privados
1046004407;FARMACIA - V/811/F;V/811/F;Comunitat Valenciana;Valencia;València;Oficinas de farmacia;Privados
1046004409;FARMACIA - V/813/F;V/813/F;Comunitat Valenciana;Valencia;València;Oficinas de farmacia;Privados
1046004410;FARMACIA - V/814/F;V/814/F;Comunitat Valenciana;Valencia;València;Oficinas de farmacia;Privados
1046004411;FARMACIA - V/815/F;V/815/F;Comunitat Valenciana;Valencia;València;Oficinas de farmacia;Privados
1046004412;FARMACIA - V/816/F;V/816/F;Comunitat Valenciana;Valencia;València;Oficinas de farmacia;Privados
1046004415;FARMACIA - V/819/F;V/819/F;Comunitat Valenciana;Valencia;València;Oficinas de farmacia;Privados
1046004416;FARMACIA - V/82/F;V/82/F;Comunitat Valenciana;Valencia;València;Oficinas de farmacia;Privados
1046004417;FARMACIA - V/820/F;V/820/F;Comunitat Valenciana;Valencia;València;Oficinas de farmacia;Privados
1046004420;FARMACIA - V/823/F;V/823/F;Comunitat Valenciana;Valencia;València;Oficinas de farmacia;Privados
1046004422;FARMACIA - V/825/F;V/825/F;Comunitat Valenciana;Valencia;València;Oficinas de farmacia;Privados
1046004423;FARMACIA - V/826/F;V/826/F;Comunitat Valenciana;Valencia;València;Oficinas de farmacia;Privados
1046004424;FARMACIA - V/827/F;V/827/F;Comunitat Valenciana;Valencia;València;Oficinas de farmacia;Privados
1046004425;FARMACIA - V/828/F;V/828/F;Comunitat Valenciana;Valencia;València;Oficinas de farmacia;Privados
1046004426;FARMACIA - V/829/F;V/829/F;Comunitat Valenciana;Valencia;València;Oficinas de farmacia;Privados
1046004427;FARMACIA - V/83/F;V/83/F;Comunitat Valenciana;Valencia;València;Oficinas de farmacia;Privados
1046004428;FARMACIA - V/830/F;V/830/F;Comunitat Valenciana;Valencia;València;Oficinas de farmacia;Privados
1046004429;FARMACIA - V/831/F;V/831/F;Comunitat Valenciana;Valencia;València;Oficinas de farmacia;Privados
1046004430;FARMACIA - V/832/F;V/832/F;Comunitat Valenciana;Valencia;València;Oficinas de farmacia;Privados
1046004431;FARMACIA - V/833/F;V/833/F;Comunitat Valenciana;Valencia;València;Oficinas de farmacia;Privados
1046004432;FARMACIA - V/834/F;V/834/F;Comunitat Valenciana;Valencia;València;Oficinas de farmacia;Privados
1046004433;FARMACIA - V/835/F;V/835/F;Comunitat Valenciana;Valencia;València;Oficinas de farmacia;Privados
1046004435;FARMACIA - V/837/F;V/837/F;Comunitat Valenciana;Valencia;València;Oficinas de farmacia;Privados
1046004436;FARMACIA - V/838/F;V/838/F;Comunitat Valenciana;Valencia;València;Oficinas de farmacia;Privados
1046004438;FARMACIA - V/84/F;V/84/F;Comunitat Valenciana;Valencia;València;Oficinas de farmacia;Privados
1046004439;FARMACIA - V/840/F;V/840/F;Comunitat Valenciana;Valencia;València;Oficinas de farmacia;Privados
1046004440;FARMACIA - V/841/F;V/841/F;Comunitat Valenciana;Valencia;València;Oficinas de farmacia;Privados
1046004446;FARMACIA - V/847/F;V/847/F;Comunitat Valenciana;Valencia;València;Oficinas de farmacia;Privados
1046004448;FARMACIA - V/849/F;V/849/F;Comunitat Valenciana;Valencia;València;Oficinas de farmacia;Privados
1046004449;FARMACIA - V/85/F;V/85/F;Comunitat Valenciana;Valencia;València;Oficinas de farmacia;Privados
1046004450;FARMACIA - V/850/F;V/850/F;Comunitat Valenciana;Valencia;València;Oficinas de farmacia;Privados
1046004456;FARMACIA - V/856/F;V/856/F;Comunitat Valenciana;Valencia;València;Oficinas de farmacia;Privados
1046004457;FARMACIA - V/857/F;V/857/F;Comunitat Valenciana;Valencia;València;Oficinas de farmacia;Privados
1046004460;FARMACIA - V/86/F;V/86/F;Comunitat Valenciana;Valencia;València;Oficinas de farmacia;Privados
1046004461;FARMACIA - V/860/F;V/860/F;Comunitat Valenciana;Valencia;València;Oficinas de farmacia;Privados
1046004462;FARMACIA - V/861/F;V/861/F;Comunitat Valenciana;Valencia;València;Oficinas de farmacia;Privados
1046004463;FARMACIA - V/862/F;V/862/F;Comunitat Valenciana;Valencia;València;Oficinas de farmacia;Privados
1046004464;FARMACIA - V/863/F;V/863/F;Comunitat Valenciana;Valencia;València;Oficinas de farmacia;Privados
1046004465;FARMACIA - V/864/F;V/864/F;Comunitat Valenciana;Valencia;València;Oficinas de farmacia;Privados
1046004466;FARMACIA - V/865/F;V/865/F;Comunitat Valenciana;Valencia;València;Oficinas de farmacia;Privados
1046004471;FARMACIA - V/87/F;V/87/F;Comunitat Valenciana;Valencia;València;Oficinas de farmacia;Privados
1046004472;FARMACIA - V/870/F;V/870/F;Comunitat Valenciana;Valencia;València;Oficinas de farmacia;Privados
1046004475;FARMACIA - V/873/F;V/873/F;Comunitat Valenciana;Valencia;València;Oficinas de farmacia;Privados
1046004478;FARMACIA - V/876/F;V/876/F;Comunitat Valenciana;Valencia;València;Oficinas de farmacia;Privados
1046004480;FARMACIA - V/878/F;V/878/F;Comunitat Valenciana;Valencia;València;Oficinas de farmacia;Privados
1046004482;FARMACIA - V/88/F;V/88/F;Comunitat Valenciana;Valencia;València;Oficinas de farmacia;Privados
1046004486;FARMACIA - V/883/F;V/883/F;Comunitat Valenciana;Valencia;València;Oficinas de farmacia;Privados
1046004493;FARMACIA - V/89/F;V/89/F;Comunitat Valenciana;Valencia;València;Oficinas de farmacia;Privados
1046004494;FARMACIA - V/890/F;V/890/F;Comunitat Valenciana;Valencia;València;Oficinas de farmacia;Privados
1046004495;FARMACIA - V/891/F;V/891/F;Comunitat Valenciana;Valencia;València;Oficinas de farmacia;Privados
1046004500;FARMACIA - V/896/F;V/896/F;Comunitat Valenciana;Valencia;València;Oficinas de farmacia;Privados
1046004502;FARMACIA - V/898/F;V/898/F;Comunitat Valenciana;Valencia;València;Oficinas de farmacia;Privados
1046004505;FARMACIA - V/9/F;V/9/F;Comunitat Valenciana;Valencia;València;Oficinas de farmacia;Privados
1046004506;FARMACIA - V/90/F;V/90/F;Comunitat Valenciana;Valencia;València;Oficinas de farmacia;Privados
1046004507;FARMACIA - V/900/F;V/900/F;Comunitat Valenciana;Valencia;València;Oficinas de farmacia;Privados
1046004509;FARMACIA - V/902/F;V/902/F;Comunitat Valenciana;Valencia;València;Oficinas de farmacia;Privados
1046004511;FARMACIA - V/904/F;V/904/F;Comunitat Valenciana;Valencia;València;Oficinas de farmacia;Privados
1046004513;FARMACIA - V/906/F;V/906/F;Comunitat Valenciana;Valencia;València;Oficinas de farmacia;Privados
1046004514;FARMACIA - V/907/F;V/907/F;Comunitat Valenciana;Valencia;València;Oficinas de farmacia;Privados
1046004517;FARMACIA - V/91/F;V/91/F;Comunitat Valenciana;Valencia;València;Oficinas de farmacia;Privados
1046004519;FARMACIA - V/911/F;V/911/F;Comunitat Valenciana;Valencia;València;Oficinas de farmacia;Privados
1046004520;FARMACIA - V/912/F;V/912/F;Comunitat Valenciana;Valencia;València;Oficinas de farmacia;Privados
1046004522;FARMACIA - V/914/F;V/914/F;Comunitat Valenciana;Valencia;València;Oficinas de farmacia;Privados
1046004524;FARMACIA - V/916/F;V/916/F;Comunitat Valenciana;Valencia;València;Oficinas de farmacia;Privados
1046004525;FARMACIA - V/917/F;V/917/F;Comunitat Valenciana;Valencia;València;Oficinas de farmacia;Privados
1046004526;FARMACIA - V/918/F;V/918/F;Comunitat Valenciana;Valencia;València;Oficinas de farmacia;Privados
1046004528;FARMACIA - V/92/F;V/92/F;Comunitat Valenciana;Valencia;València;Oficinas de farmacia;Privados
1046004529;FARMACIA - V/920/F;V/920/F;Comunitat Valenciana;Valencia;València;Oficinas de farmacia;Privados
1046004530;FARMACIA - V/921/F;V/921/F;Comunitat Valenciana;Valencia;València;Oficinas de farmacia;Privados
1046004531;FARMACIA - V/922/F;V/922/F;Comunitat Valenciana;Valencia;València;Oficinas de farmacia;Privados
1046004534;FARMACIA - V/925/F;V/925/F;Comunitat Valenciana;Valencia;València;Oficinas de farmacia;Privados
1046004538;FARMACIA - V/929/F;V/929/F;Comunitat Valenciana;Valencia;València;Oficinas de farmacia;Privados
1046004539;FARMACIA - V/93/F;V/93/F;Comunitat Valenciana;Valencia;València;Oficinas de farmacia;Privados
1046004541;FARMACIA - V/932/F;V/932/F;Comunitat Valenciana;Valencia;València;Oficinas de farmacia;Privados
1046004543;FARMACIA - V/934/F;V/934/F;Comunitat Valenciana;Valencia;València;Oficinas de farmacia;Privados
1046004546;FARMACIA - V/937/F;V/937/F;Comunitat Valenciana;Valencia;València;Oficinas de farmacia;Privados
1046004548;FARMACIA - V/939/F;V/939/F;Comunitat Valenciana;Valencia;València;Oficinas de farmacia;Privados
1046004549;FARMACIA - V/94/F;V/94/F;Comunitat Valenciana;Valencia;València;Oficinas de farmacia;Privados
1046004550;FARMACIA - V/941/F;V/941/F;Comunitat Valenciana;Valencia;València;Oficinas de farmacia;Privados
1046004555;FARMACIA - V/946/F;V/946/F;Comunitat Valenciana;Valencia;València;Oficinas de farmacia;Privados
1046004557;FARMACIA - V/948/F;V/948/F;Comunitat Valenciana;Valencia;València;Oficinas de farmacia;Privados
1046004558;FARMACIA - V/949/F;V/949/F;Comunitat Valenciana;Valencia;València;Oficinas de farmacia;Privados
1046004559;FARMACIA - V/95/F;V/95/F;Comunitat Valenciana;Valencia;València;Oficinas de farmacia;Privados
1046004561;FARMACIA - V/951/F;V/951/F;Comunitat Valenciana;Valencia;València;Oficinas de farmacia;Privados
1046004562;FARMACIA - V/952/F;V/952/F;Comunitat Valenciana;Valencia;València;Oficinas de farmacia;Privados
1046004564;FARMACIA - V/954/F;V/954/F;Comunitat Valenciana;Valencia;València;Oficinas de farmacia;Privados
1046004568;FARMACIA - V/958/F;V/958/F;Comunitat Valenciana;Valencia;València;Oficinas de farmacia;Privados
1046004570;FARMACIA - V/96/F;V/96/F;Comunitat Valenciana;Valencia;València;Oficinas de farmacia;Privados
1046004571;FARMACIA - V/960/F;V/960/F;Comunitat Valenciana;Valencia;València;Oficinas de farmacia;Privados
1046004572;FARMACIA - V/962/F;V/962/F;Comunitat Valenciana;Valencia;València;Oficinas de farmacia;Privados
1046004576;FARMACIA - V/967/F;V/967/F;Comunitat Valenciana;Valencia;València;Oficinas de farmacia;Privados
1046004579;FARMACIA - V/97/F;V/97/F;Comunitat Valenciana;Valencia;València;Oficinas de farmacia;Privados
1046004581;FARMACIA - V/971/F;V/971/F;Comunitat Valenciana;Valencia;València;Oficinas de farmacia;Privados
1046004582;FARMACIA - V/972/F;V/972/F;Comunitat Valenciana;Valencia;València;Oficinas de farmacia;Privados
1046004586;FARMACIA - V/976/F;V/976/F;Comunitat Valenciana;Valencia;València;Oficinas de farmacia;Privados
1046004590;FARMACIA - V/98/F;V/98/F;Comunitat Valenciana;Valencia;València;Oficinas de farmacia;Privados
1046004594;FARMACIA - V/983/F;V/983/F;Comunitat Valenciana;Valencia;València;Oficinas de farmacia;Privados
1046004601;FARMACIA - V/99/F;V/99/F;Comunitat Valenciana;Valencia;València;Oficinas de farmacia;Privados

