0908011196;MUNTANE RODRIGO, JOSEP MARIA;F08013472;Cataluña;Barcelona;Barcelona;Oficinas de farmacia;Privados
0908010524;MUÑIO MICOLAU, SILVIA.;F08006210;Cataluña;Barcelona;Barcelona;Oficinas de farmacia;Privados
0908011767;MUZAS CUCALON, CONCEPCION;F08019555;Cataluña;Barcelona;Barcelona;Oficinas de farmacia;Privados
0908010439;NADAL CASAS, MANUEL;F08005312;Cataluña;Barcelona;Barcelona;Oficinas de farmacia;Privados
0908011390;NAJAR MARTON, JOAN;F08015543;Cataluña;Barcelona;Barcelona;Oficinas de farmacia;Privados
0908010290;NARDI RICART, ANNA;F08003643;Cataluña;Barcelona;Barcelona;Oficinas de farmacia;Privados
0908010785;NAUDIN FERRER, ANGELS;F08009099;Cataluña;Barcelona;Barcelona;Oficinas de farmacia;Privados
0908011068;NAVALES LUENGO, MIGUEL ANGEL;F08012126;Cataluña;Barcelona;Barcelona;Oficinas de farmacia;Privados
0908010948;NAVARRETE MORA, YADIRA LORENA;F08010841;Cataluña;Barcelona;Barcelona;Oficinas de farmacia;Privados
0908010706;NEBOT SALABERT, ALEXANDRE;F08008232;Cataluña;Barcelona;Barcelona;Oficinas de farmacia;Privados
0908011160;NIALET PRIETO, BERTA;F08013095;Cataluña;Barcelona;Barcelona;Oficinas de farmacia;Privados
0908010460;NIETO CALM, MARIA DOLORS;F08005545;Cataluña;Barcelona;Barcelona;Oficinas de farmacia;Privados
0908011309;NIÑEROLA MORA, MARTA;F08014620;Cataluña;Barcelona;Barcelona;Oficinas de farmacia;Privados
0908010480;NOGUERA HUGUET, BORJA;F08005753;Cataluña;Barcelona;Barcelona;Oficinas de farmacia;Privados
0908010597;NOLLA WINKEL, INGRID;F08007013;Cataluña;Barcelona;Barcelona;Oficinas de farmacia;Privados
0908010444;NOVOA RODRIGUEZ, CASTO;F08005376;Cataluña;Barcelona;Barcelona;Oficinas de farmacia;Privados
0908010293;ODRIOZOLA JAURISTI, LAURA;F08003682;Cataluña;Barcelona;Barcelona;Oficinas de farmacia;Privados
0908011203;OHNGEMACH HIDALGO, M. ISABEL;F08013546;Cataluña;Barcelona;Barcelona;Oficinas de farmacia;Privados
0908011402;OJEDA ASTRUA, LUCIA M.;F08015663;Cataluña;Barcelona;Barcelona;Oficinas de farmacia;Privados
0908010864;OLIUS MAS, JORDI;F08009910;Cataluña;Barcelona;Barcelona;Oficinas de farmacia;Privados
0908010949;OLIVA DURAN, JOAN;F08010859;Cataluña;Barcelona;Barcelona;Oficinas de farmacia;Privados
0908010315;OLIVELLA COMAS, MERCE;F08003925;Cataluña;Barcelona;Barcelona;Oficinas de farmacia;Privados
0908010607;OLLER SALES,FERRAN/DOLCET GARCIA,M.HELENA/OLLER DOLCET,FERRAN;F08007119;Cataluña;Barcelona;Barcelona;Oficinas de farmacia;Privados
0908010517;OLMOS COBO, CELIA;F08006147;Cataluña;Barcelona;Barcelona;Oficinas de farmacia;Privados
0908010512;ORIOL CARRERAS, MARINA;F08006080;Cataluña;Barcelona;Barcelona;Oficinas de farmacia;Privados
0908011123;ORMAD CORTES, MIGUEL ANGEL;F08012704;Cataluña;Barcelona;Barcelona;Oficinas de farmacia;Privados
0908010755;OROBITG BLANCH, ANNA;F08008779;Cataluña;Barcelona;Barcelona;Oficinas de farmacia;Privados
0908010510;ORTI BRAVO, ANGEL;F08006066;Cataluña;Barcelona;Barcelona;Oficinas de farmacia;Privados
0908011483;ORTIZ DE SARACHO MATA, SOFIA;F08016508;Cataluña;Barcelona;Barcelona;Oficinas de farmacia;Privados
0908010320;ORTUÑO GINER, VICENTE;F08003989;Cataluña;Barcelona;Barcelona;Oficinas de farmacia;Privados
0908010989;ORTUÑO GOBERN, MARIA PILAR;F08011299;Cataluña;Barcelona;Barcelona;Oficinas de farmacia;Privados
0908011250;PADRO ALCOVERRO, ENRIC;F08014028;Cataluña;Barcelona;Barcelona;Oficinas de farmacia;Privados
0908011265;PAGANO ROSON,FELIX J.;F08014170;Cataluña;Barcelona;Barcelona;Oficinas de farmacia;Privados
0908010656;PALACIO BESCOS, M.DEL PILAR;F08007729;Cataluña;Barcelona;Barcelona;Oficinas de farmacia;Privados
0908011172;PALAU MALLOL/BAFALLUY SOBRINO;F08013218;Cataluña;Barcelona;Barcelona;Oficinas de farmacia;Privados
0908010456;PALLARES ARIAS, MANUEL IGNACIO.;F08005506;Cataluña;Barcelona;Barcelona;Oficinas de farmacia;Privados
0908011105;PALLARES PEREZ,MONTSERRAT;F08012503;Cataluña;Barcelona;Barcelona;Oficinas de farmacia;Privados
0908011474;PALOMO PEIRO, CARME;F08016410;Cataluña;Barcelona;Barcelona;Oficinas de farmacia;Privados
0908011187;PANADES MAS, FRANCESCA;F08013384;Cataluña;Barcelona;Barcelona;Oficinas de farmacia;Privados
0908011047;PANE TRULLOLS, ELENA;F08011901;Cataluña;Barcelona;Barcelona;Oficinas de farmacia;Privados
0908010642;PANE TRULLOLS, ESTHER;F08007503;Cataluña;Barcelona;Barcelona;Oficinas de farmacia;Privados
0908010684;PANTALEONI GIRALT, ALBERT;F08008000;Cataluña;Barcelona;Barcelona;Oficinas de farmacia;Privados
0908011363;PARAROLS VALLDAURA, CRISTINA;F08015261;Cataluña;Barcelona;Barcelona;Oficinas de farmacia;Privados
0908011428;PARDO GARCIA, TINO;F08015920;Cataluña;Barcelona;Barcelona;Oficinas de farmacia;Privados
0908010312;PARDO SALMERON, ANTONIA;F08003890;Cataluña;Barcelona;Barcelona;Oficinas de farmacia;Privados
0908011159;PAREJO CUESTA, ANNA M.;F08013088;Cataluña;Barcelona;Barcelona;Oficinas de farmacia;Privados
0908010845;PARES CASALA, MARTA;F08009726;Cataluña;Barcelona;Barcelona;Oficinas de farmacia;Privados
0908010411;PARICIO TOLEDO, JESUS CARLOS;F08005016;Cataluña;Barcelona;Barcelona;Oficinas de farmacia;Privados
0908010397;PASCAL CANALIAS, DOLORS;F08004855;Cataluña;Barcelona;Barcelona;Oficinas de farmacia;Privados
0908010434;PASCUAL ARNAU, LLUIS;F08005263;Cataluña;Barcelona;Barcelona;Oficinas de farmacia;Privados